input_id,link,title,category,address,open_hours,popular_times,website,phone,plus_code,review_count,review_rating,reviews_per_rating,latitude,longitude,cid,status,descriptions,reviews_link,thumbnail,timezone,price_range,data_id,images,reservations,order_online,menu,owner,complete_address,about,user_reviews,user_reviews_extended,emails
c74ce646-d072-453e-a319-bed109b926b7,https://www.google.com/maps/place/MAGNNA+Abogados+%26+Contadores/data=!4m7!3m6!1s0x960a33d3b5cbd5c5:0x606053c712c6f096!8m2!3d-38.9528287!4d-68.056019!16s%2Fg%2F11s3ybp0d6!19sChIJxdXLtdMzCpYRlvDGEsdTYGA?authuser=0&hl=en&rclk=1,MAGNNA Abogados & Contadores,Law firm,"Juan Bautista Alberdi 216 2° piso, Q8300 Neuquén","{""Friday"":[""9 AM–4 PM""],""Monday"":[""9 AM–4 PM""],""Saturday"":[""Closed""],""Sunday"":[""Closed""],""Thursday"":[""9 AM–4 PM""],""Tuesday"":[""9 AM–4 PM""],""Wednesday"":[""9 AM–4 PM""]}",{},https://www.instagram.com/magnna_estudio/,0299 603-1972,"2WWV+VH Neuquen, Neuquén Province",4,5.000000,"{""1"":0,""2"":0,""3"":0,""4"":0,""5"":4}",-38.952829,-68.056019,6944642739883929750,Closed ⋅ Opens 9 AM Wed,,https://search.google.com/local/reviews?placeid=ChIJxdXLtdMzCpYRlvDGEsdTYGA&q=MAGNNA+Abogados+%26+Contadores&authuser=0&hl=en&gl=AR,https://streetviewpixels-pa.googleapis.com/v1/thumbnail?panoid=_OeyE04LCTVOeDpAdsF3fw&cb_client=search.gws-prod.gps&w=408&h=240&yaw=358.51074&pitch=0&thumbfov=100,America/Argentina/Salta,,0x960a33d3b5cbd5c5:0x606053c712c6f096,"[{""title"":""All"",""image"":""https://streetviewpixels-pa.googleapis.com/v1/thumbnail?panoid=_OeyE04LCTVOeDpAdsF3fw\u0026cb_client=maps_sv.tactile.gps\u0026w=224\u0026h=298\u0026yaw=358.51074\u0026pitch=0\u0026thumbfov=100""},{""title"":""By owner"",""image"":""https://lh3.googleusercontent.com/p/AF1QipPyOZeaE6rokrSUoF3k4ZEkHQPrZoktzszX8BG4=w298-h298-k-no""},{""title"":""Street View \u0026 360°"",""image"":""https://streetviewpixels-pa.googleapis.com/v1/thumbnail?panoid=_OeyE04LCTVOeDpAdsF3fw\u0026cb_client=maps_sv.tactile.gps\u0026w=224\u0026h=298\u0026yaw=358.51074\u0026pitch=0\u0026thumbfov=100""}]",null,null,"{""link"":"""",""source"":""""}","{""id"":""109259471499290683350"",""name"":""MAGNNA Abogados \u0026 Contadores (Owner)"",""link"":""https://www.google.com/maps/contrib/109259471499290683350""}","{""borough"":"""",""street"":""Juan Bautista Alberdi 216 2° piso"",""city"":""Neuquen"",""postal_code"":""Q8300"",""state"":""Neuquén Province"",""country"":""AR""}",null,[],null,
c74ce646-d072-453e-a319-bed109b926b7,https://www.google.com/maps/place/Estudio+Pemp+Diez+%26+Asociados/data=!4m7!3m6!1s0x960a33d10b18c089:0xa9cf65e4d53290b4!8m2!3d-38.9520913!4d-68.0567635!16s%2Fg%2F1xgrp3sj!19sChIJicAYC9EzCpYRtJAy1eRlz6k?authuser=0&hl=en&rclk=1,Estudio Pemp Diez & Asociados,Bookkeeping service,"Mtro. Joaquín González 175, Q8300 Neuquén","{""Friday"":[""8 AM–2 PM""],""Monday"":[""8 AM–2 PM""],""Saturday"":[""Closed""],""Sunday"":[""Closed""],""Thursday"":[""8 AM–2 PM""],""Tuesday"":[""8 AM–2 PM""],""Wednesday"":[""8 AM–2 PM""]}",{},https://pempdiezasoc.com.ar/,0299 448-6620,"2WXV+57 Neuquen, Neuquén Province",1,5.000000,"{""1"":0,""2"":0,""3"":0,""4"":0,""5"":1}",-38.952091,-68.056764,12236110746092736692,Closed ⋅ Opens 8 AM Wed,,https://search.google.com/local/reviews?placeid=ChIJicAYC9EzCpYRtJAy1eRlz6k&q=Estudio+Pemp+Diez+%26+Asociados&authuser=0&hl=en&gl=AR,https://lh3.googleusercontent.com/p/AF1QipP5E1XYCqIS47LtvkbG-TSV_PMOiqvQpNwqzjN-=w426-h240-k-no,America/Argentina/Salta,,0x960a33d10b18c089:0xa9cf65e4d53290b4,"[{""title"":""All"",""image"":""https://lh3.googleusercontent.com/p/AF1QipP5E1XYCqIS47LtvkbG-TSV_PMOiqvQpNwqzjN-=w529-h298-k-no""},{""title"":""Latest"",""image"":""https://lh3.googleusercontent.com/p/AF1QipNzWxMrI0ECKfGSLLdZzRwlWmaO0sKS3meCV99-=w529-h298-k-no""},{""title"":""Exterior"",""image"":""https://lh3.googleusercontent.com/p/AF1QipP5E1XYCqIS47LtvkbG-TSV_PMOiqvQpNwqzjN-=w529-h298-k-no""},{""title"":""By owner"",""image"":""https://lh3.googleusercontent.com/p/AF1QipMXhl0n4YrfTHp0lVbd95sUzt9GhrWtLC-VBZKo=w298-h298-k-no""},{""title"":""Street View \u0026 360°"",""image"":""https://streetviewpixels-pa.googleapis.com/v1/thumbnail?panoid=ANWCX72_MITw2d9HRK75nQ\u0026cb_client=maps_sv.tactile.gps\u0026w=224\u0026h=298\u0026yaw=170.54352\u0026pitch=0\u0026thumbfov=100""}]",null,null,"{""link"":"""",""source"":""""}","{""id"":""106506294394438671578"",""name"":""Estudio Pemp Diez \u0026 Asociados (Owner)"",""link"":""https://www.google.com/maps/contrib/106506294394438671578""}","{""borough"":"""",""street"":""Mtro. Joaquín González 175"",""city"":""Neuquen"",""postal_code"":""Q8300"",""state"":""Neuquén Province"",""country"":""AR""}","[{""id"":""planning"",""name"":""Planning"",""options"":[{""name"":""Appointments recommended"",""enabled"":true}]}]",[],null,
c74ce646-d072-453e-a319-bed109b926b7,https://www.google.com/maps/place/ESTUDIO+CONTABLE+%7C+RS+CONTADORES+NEUQUEN/data=!4m7!3m6!1s0x960a335083f863a3:0xad8605d70a3d1808!8m2!3d-38.9507338!4d-68.0762459!16s%2Fg%2F11jwctt9py!19sChIJo2P4g1AzCpYRCBg9CtcFhq0?authuser=0&hl=en&rclk=1,ESTUDIO CONTABLE | RS CONTADORES NEUQUEN,Accounting firm,"Gral. Manuel Belgrano 1216, Q8302 Neuquén","{""Friday"":[""9 AM–5 PM""],""Monday"":[""9 AM–5 PM""],""Saturday"":[""Closed""],""Sunday"":[""Closed""],""Thursday"":[""9 AM–5 PM""],""Tuesday"":[""9 AM–5 PM""],""Wednesday"":[""9 AM–5 PM""]}",{},http://www.rscontadoresneuquen.com/,0299 460-1899,"2WXF+PG Neuquen, Neuquén Province",53,4.900000,"{""1"":1,""2"":0,""3"":0,""4"":1,""5"":51}",-38.950734,-68.076246,12503687836588644360,Closed ⋅ Opens 9 AM Wed,,https://search.google.com/local/reviews?placeid=ChIJo2P4g1AzCpYRCBg9CtcFhq0&q=ESTUDIO+CONTABLE+%7C+RS+CONTADORES+NEUQUEN&authuser=0&hl=en&gl=AR,https://streetviewpixels-pa.googleapis.com/v1/thumbnail?panoid=QtVW42caKScYJpcNRb3dcQ&cb_client=search.gws-prod.gps&w=408&h=240&yaw=188.99867&pitch=0&thumbfov=100,America/Argentina/Salta,,0x960a335083f863a3:0xad8605d70a3d1808,"[{""title"":""All"",""image"":""https://streetviewpixels-pa.googleapis.com/v1/thumbnail?panoid=QtVW42caKScYJpcNRb3dcQ\u0026cb_client=maps_sv.tactile.gps\u0026w=224\u0026h=298\u0026yaw=188.99867\u0026pitch=0\u0026thumbfov=100""},{""title"":""Exterior"",""image"":""https://lh3.googleusercontent.com/p/AF1QipPhn-TqstEVXXS5bbqdPCO_O-PPzA5_hDXTNq_j=w353-h298-k-no""},{""title"":""By owner"",""image"":""https://lh3.googleusercontent.com/p/AF1QipPhn-TqstEVXXS5bbqdPCO_O-PPzA5_hDXTNq_j=w353-h298-k-no""},{""title"":""Street View \u0026 360°"",""image"":""https://streetviewpixels-pa.googleapis.com/v1/thumbnail?panoid=QtVW42caKScYJpcNRb3dcQ\u0026cb_client=maps_sv.tactile.gps\u0026w=224\u0026h=298\u0026yaw=188.99867\u0026pitch=0\u0026thumbfov=100""}]",null,null,"{""link"":"""",""source"":""""}","{""id"":""113469534478154424446"",""name"":""ESTUDIO CONTABLE | RS CONTADORES NEUQUEN (Owner)"",""link"":""https://www.google.com/maps/contrib/113469534478154424446""}","{""borough"":"""",""street"":""Gral. Manuel Belgrano 1216"",""city"":""Neuquen"",""postal_code"":"""",""state"":""Neuquén Province"",""country"":""AR""}",null,[],null,
c74ce646-d072-453e-a319-bed109b926b7,https://www.google.com/maps/place/Estudio+Contable+Guillermina+Gil/data=!4m7!3m6!1s0x960a33d582b5a42b:0x972be720e8574f01!8m2!3d-38.9490572!4d-68.0563943!16s%2Fg%2F11bzrgck0l!19sChIJK6S1gtUzCpYRAU9X6CDnK5c?authuser=0&hl=en&rclk=1,Estudio Contable Guillermina Gil,Certified public accountant,"Diag. España 185 Piso 3, Oficina F, Q8300 Neuquén","{""Friday"":[""9 AM–3 PM""],""Monday"":[""9 AM–3 PM""],""Saturday"":[""Closed""],""Sunday"":[""Closed""],""Thursday"":[""9 AM–3 PM""],""Tuesday"":[""9 AM–3 PM""],""Wednesday"":[""9 AM–3 PM""]}",{},https://www.ecguillerminagil.com/,0299 15-423-1279,"3W2V+9C Neuquen, Neuquén Province",26,4.900000,"{""1"":0,""2"":0,""3"":1,""4"":0,""5"":25}",-38.949057,-68.056394,10893054252248682241,Closed ⋅ Opens 9 AM Wed,,https://search.google.com/local/reviews?placeid=ChIJK6S1gtUzCpYRAU9X6CDnK5c&q=Estudio+Contable+Guillermina+Gil&authuser=0&hl=en&gl=AR,https://lh3.googleusercontent.com/p/AF1QipOOFIpymZ6BhrsIfOAiQ3kV6fxXejFH2m1gL0mZ=w732-h240-k-no,America/Argentina/Salta,,0x960a33d582b5a42b:0x972be720e8574f01,"[{""title"":""All"",""image"":""https://lh3.googleusercontent.com/p/AF1QipOOFIpymZ6BhrsIfOAiQ3kV6fxXejFH2m1gL0mZ=w909-h298-k-no""},{""title"":""By owner"",""image"":""https://lh3.googleusercontent.com/p/AF1QipMgdVInbJTYHAJl-jIkYVUrNPgSzjgEPO0M6DIJ=w298-h298-k-no""},{""title"":""Street View \u0026 360°"",""image"":""https://streetviewpixels-pa.googleapis.com/v1/thumbnail?panoid=OSwPYwQcE6I0qBPnIMyOhg\u0026cb_client=maps_sv.tactile.gps\u0026w=224\u0026h=298\u0026yaw=150.86494\u0026pitch=0\u0026thumbfov=100""}]",null,null,"{""link"":"""",""source"":""""}","{""id"":""102943945008765925085"",""name"":""Estudio Contable Guillermina Gil (Owner)"",""link"":""https://www.google.com/maps/contrib/102943945008765925085""}","{""borough"":"""",""street"":""Diag. España 185 Piso 3, Oficina F"",""city"":""Neuquen"",""postal_code"":""Q8300"",""state"":""Neuquén Province"",""country"":""AR""}","[{""id"":""planning"",""name"":""Planning"",""options"":[{""name"":""Appointments recommended"",""enabled"":true}]}]",[],null,
c74ce646-d072-453e-a319-bed109b926b7,https://www.google.com/maps/place/ESTUDIO+CONTABLE+JARA+MASSON/data=!4m7!3m6!1s0x960a339b3c1bebb1:0xb2af18e8ad1a961f!8m2!3d-38.9423555!4d-68.0646272!16s%2Fg%2F11l_f59ttk!19sChIJsesbPJszCpYRH5YaregYr7I?authuser=0&hl=en&rclk=1,ESTUDIO CONTABLE JARA MASSON,Accounting firm,"Av. Dr. Ramón 384, Q8300 Neuquén","{""Friday"":[""7 AM–4:30 PM""],""Monday"":[""7 AM–4 PM""],""Saturday"":[""Closed""],""Sunday"":[""Closed""],""Thursday"":[""7 AM–4 PM""],""Tuesday"":[""7 AM–4 PM""],""Wednesday"":[""7 AM–4 PM""]}",{},https://wa.me/5492915720032,0291 572-0032,"3W5P+34 Neuquen, Neuquén Province",37,5.000000,"{""1"":0,""2"":0,""3"":0,""4"":0,""5"":37}",-38.942355,-68.064627,12875537247291217439,Closed ⋅ Opens 7 AM Wed,,https://search.google.com/local/reviews?placeid=ChIJsesbPJszCpYRH5YaregYr7I&q=ESTUDIO+CONTABLE+JARA+MASSON&authuser=0&hl=en&gl=AR,https://streetviewpixels-pa.googleapis.com/v1/thumbnail?panoid=cbl_K6qyvmuUJiGVFS3cBg&cb_client=search.gws-prod.gps&w=408&h=240&yaw=185.66248&pitch=0&thumbfov=100,America/Argentina/Salta,,0x960a339b3c1bebb1:0xb2af18e8ad1a961f,"[{""title"":""All"",""image"":""https://streetviewpixels-pa.googleapis.com/v1/thumbnail?panoid=cbl_K6qyvmuUJiGVFS3cBg\u0026cb_client=maps_sv.tactile.gps\u0026w=224\u0026h=298\u0026yaw=185.66248\u0026pitch=0\u0026thumbfov=100""},{""title"":""By owner"",""image"":""https://lh3.googleusercontent.com/p/AF1QipOZdQHAn_L-twy6IWCjVII58QOa4iQicbNJNB0R=w224-h398-k-no""},{""title"":""Street View \u0026 360°"",""image"":""https://streetviewpixels-pa.googleapis.com/v1/thumbnail?panoid=cbl_K6qyvmuUJiGVFS3cBg\u0026cb_client=maps_sv.tactile.gps\u0026w=224\u0026h=298\u0026yaw=185.66248\u0026pitch=0\u0026thumbfov=100""}]",null,"[{""link"":""https://wa.me/5492915720032"",""source"":""wa.me""}]","{""link"":"""",""source"":""""}","{""id"":""101595239007297986937"",""name"":""ESTUDIO CONTABLE JARA MASSON (Owner)"",""link"":""https://www.google.com/maps/contrib/101595239007297986937""}","{""borough"":"""",""street"":""Av. Dr. Ramón 384"",""city"":""Neuquen"",""postal_code"":""Q8300"",""state"":""Neuquén Province"",""country"":""AR""}",null,[],null,
c74ce646-d072-453e-a319-bed109b926b7,https://www.google.com/maps/place/Estudio+Contable+Virtual+Contas/data=!4m7!3m6!1s0x960a33dfc50b005d:0xb30f094988522f82!8m2!3d-38.9498535!4d-68.0525236!16s%2Fg%2F11vhhn19dg!19sChIJXQALxd8zCpYRgi9SiEkJD7M?authuser=0&hl=en&rclk=1,Estudio Contable Virtual Contas,Certified public accountant,"Talero Eduardo 465 Piso 1 Of 2, Q8300 Neuquén","{""Friday"":[""9 AM–5 PM""],""Monday"":[""9 AM–5 PM""],""Saturday"":[""Closed""],""Sunday"":[""Closed""],""Thursday"":[""9 AM–5 PM""],""Tuesday"":[""9 AM–5 PM""],""Wednesday"":[""9 AM–5 PM""]}",{},http://www.virtualcontas.com.ar/,0299 577-8999,"3W2W+3X Neuquen, Neuquén Province",37,5.000000,"{""1"":0,""2"":0,""3"":0,""4"":0,""5"":37}",-38.949853,-68.052524,12902541668864110466,Closed ⋅ Opens 9 AM Wed,,https://search.google.com/local/reviews?placeid=ChIJXQALxd8zCpYRgi9SiEkJD7M&q=Estudio+Contable+Virtual+Contas&authuser=0&hl=en&gl=AR,https://lh3.googleusercontent.com/p/AF1QipMbqQCBfOd-B3F6xmRyS8JyTt-YmFeCAd6dzO-h=w408-h611-k-no,America/Argentina/Salta,,0x960a33dfc50b005d:0xb30f094988522f82,"[{""title"":""All"",""image"":""https://lh3.googleusercontent.com/p/AF1QipMbqQCBfOd-B3F6xmRyS8JyTt-YmFeCAd6dzO-h=w224-h335-k-no""},{""title"":""Latest"",""image"":""https://lh3.googleusercontent.com/p/AF1QipMbqQCBfOd-B3F6xmRyS8JyTt-YmFeCAd6dzO-h=w224-h335-k-no""},{""title"":""Inside"",""image"":""https://lh3.googleusercontent.com/p/AF1QipMbqQCBfOd-B3F6xmRyS8JyTt-YmFeCAd6dzO-h=w224-h335-k-no""},{""title"":""By owner"",""image"":""https://lh3.googleusercontent.com/p/AF1QipMWFrHsqPUJN5P1lTIzuCr8o1Km76OKIDW3FcsC=w298-h298-k-no""},{""title"":""Street View \u0026 360°"",""image"":""https://streetviewpixels-pa.googleapis.com/v1/thumbnail?panoid=puEqqJbVlycuiLbtlCN_cQ\u0026cb_client=maps_sv.tactile.gps\u0026w=224\u0026h=298\u0026yaw=170.29189\u0026pitch=0\u0026thumbfov=100""}]",null,null,"{""link"":"""",""source"":""""}","{""id"":""110236733465477923165"",""name"":""Estudio Contable Virtual Contas (Owner)"",""link"":""https://www.google.com/maps/contrib/110236733465477923165""}","{""borough"":"""",""street"":""Talero Eduardo 465 Piso 1 Of 2"",""city"":""Neuquen"",""postal_code"":""Q8300"",""state"":""Neuquén Province"",""country"":""AR""}","[{""id"":""from_the_business"",""name"":""From the business"",""options"":[{""name"":""Identifies as women-owned"",""enabled"":true}]},{""id"":""service_options"",""name"":""Service options"",""options"":[{""name"":""Online appointments"",""enabled"":true},{""name"":""On-site services"",""enabled"":true}]},{""id"":""accessibility"",""name"":""Accessibility"",""options"":[{""name"":""Wheelchair-accessible seating"",""enabled"":true},{""name"":""Wheelchair-accessible toilet"",""enabled"":true}]},{""id"":""amenities"",""name"":""Amenities"",""options"":[{""name"":""Gender-neutral toilets"",""enabled"":true}]},{""id"":""crowd"",""name"":""Crowd"",""options"":[{""name"":""LGBTQ+ friendly"",""enabled"":true},{""name"":""Transgender safe space"",""enabled"":true}]},{""id"":""planning"",""name"":""Planning"",""options"":[{""name"":""Appointment required"",""enabled"":true},{""name"":""Appointments recommended"",""enabled"":true}]}]",[],null,
c74ce646-d072-453e-a319-bed109b926b7,https://www.google.com/maps/place/Contador+P%C3%BAblico+Sergio+Dominguez/data=!4m7!3m6!1s0x960a33511363d171:0x8263d6c4262af738!8m2!3d-38.9541012!4d-68.0723859!16s%2Fg%2F11sb0qc3lt!19sChIJcdFjE1EzCpYROPcqJsTWY4I?authuser=0&hl=en&rclk=1,Contador Público Sergio Dominguez,Accountant,"Juan B. Justo 938, Q8300 Neuquén","{""Friday"":[""8 AM–3 PM""],""Monday"":[""8 AM–3 PM""],""Saturday"":[""Closed""],""Sunday"":[""Closed""],""Thursday"":[""8 AM–3 PM""],""Tuesday"":[""8 AM–3 PM""],""Wednesday"":[""8 AM–3 PM""]}",{},https://instagram.com/crsdominguez?igshid=YmMyMTA2M2Y=,0299 15-524-8702,"2WWH+92 Neuquen, Neuquén Province",12,5.000000,"{""1"":0,""2"":0,""3"":0,""4"":0,""5"":12}",-38.954101,-68.072386,9395589385567270712,Closed ⋅ Opens 8 AM Wed,,https://search.google.com/local/reviews?placeid=ChIJcdFjE1EzCpYROPcqJsTWY4I&q=Contador+P%C3%BAblico+Sergio+Dominguez&authuser=0&hl=en&gl=AR,https://lh3.googleusercontent.com/p/AF1QipPWT0pOFR9LPlMLGDPTGcPq39jhl7Rx1YlKVfYb=w408-h306-k-no,America/Argentina/Salta,,0x960a33511363d171:0x8263d6c4262af738,"[{""title"":""All"",""image"":""https://lh3.googleusercontent.com/p/AF1QipPWT0pOFR9LPlMLGDPTGcPq39jhl7Rx1YlKVfYb=w397-h298-k-no""},{""title"":""By owner"",""image"":""https://lh3.googleusercontent.com/p/AF1QipNwCJZxnC5G74GRByXWozR3V-hLFbpM8Ut5sCXb=w224-h298-k-no""},{""title"":""Street View \u0026 360°"",""image"":""https://streetviewpixels-pa.googleapis.com/v1/thumbnail?panoid=5QQk1j4Fyre9dT0DNR2O7g\u0026cb_client=maps_sv.tactile.gps\u0026w=224\u0026h=298\u0026yaw=179.19054\u0026pitch=0\u0026thumbfov=100""}]",null,null,"{""link"":"""",""source"":""""}","{""id"":""115435293413693490167"",""name"":""Contador Público Sergio Dominguez (Owner)"",""link"":""https://www.google.com/maps/contrib/115435293413693490167""}","{""borough"":"""",""street"":""Juan B. Justo 938"",""city"":""Neuquen"",""postal_code"":""Q8300"",""state"":""Neuquén Province"",""country"":""AR""}",null,[],null,
c74ce646-d072-453e-a319-bed109b926b7,https://www.google.com/maps/place/Pineda+%26+Merodio+%7C+Estudio+Contable+en+Neuqu%C3%A9n/data=!4m7!3m6!1s0x960a33cb836a7df1:0xd158b4c0c5d7233b!8m2!3d-38.9503462!4d-68.0536133!16s%2Fg%2F11c1v0gwt7!19sChIJ8X1qg8szCpYROyPXxcC0WNE?authuser=0&hl=en&rclk=1,Pineda & Merodio | Estudio Contable en Neuquén,Accountant,"Mendoza 438, Q8300 Neuquén","{""Friday"":[""2–8 PM""],""Monday"":[""2–8 PM""],""Saturday"":[""Closed""],""Sunday"":[""Closed""],""Thursday"":[""2–8 PM""],""Tuesday"":[""2–8 PM""],""Wednesday"":[""2–8 PM""]}",{},,0299 15-405-6502,"2WXW+VH Neuquen, Neuquén Province",3,5.000000,"{""1"":0,""2"":0,""3"":0,""4"":0,""5"":3}",-38.950346,-68.053613,15085005691923407675,Closed ⋅ Opens 2 PM Wed,,https://search.google.com/local/reviews?placeid=ChIJ8X1qg8szCpYROyPXxcC0WNE&q=Pineda+%26+Merodio+%7C+Estudio+Contable+en+Neuqu%C3%A9n&authuser=0&hl=en&gl=AR,https://streetviewpixels-pa.googleapis.com/v1/thumbnail?panoid=LqKC9D6iB4cvnFbv38nkIw&cb_client=search.gws-prod.gps&w=408&h=240&yaw=292.65286&pitch=0&thumbfov=100,America/Argentina/Salta,,0x960a33cb836a7df1:0xd158b4c0c5d7233b,"[{""title"":""All"",""image"":""https://streetviewpixels-pa.googleapis.com/v1/thumbnail?panoid=LqKC9D6iB4cvnFbv38nkIw\u0026cb_client=maps_sv.tactile.gps\u0026w=224\u0026h=298\u0026yaw=292.65286\u0026pitch=0\u0026thumbfov=100""},{""title"":""By owner"",""image"":""https://lh3.googleusercontent.com/p/AF1QipMQjV1oP0nfStoO-mo3kOQqhBNPqqgDn4OVuFnR=w789-h298-k-no""},{""title"":""Street View \u0026 360°"",""image"":""https://streetviewpixels-pa.googleapis.com/v1/thumbnail?panoid=LqKC9D6iB4cvnFbv38nkIw\u0026cb_client=maps_sv.tactile.gps\u0026w=224\u0026h=298\u0026yaw=292.65286\u0026pitch=0\u0026thumbfov=100""}]",null,null,"{""link"":"""",""source"":""""}","{""id"":""113335038616230118540"",""name"":""Pineda \u0026 Merodio | Estudio Contable en Neuquén (Owner)"",""link"":""https://www.google.com/maps/contrib/113335038616230118540""}","{""borough"":"""",""street"":""Mendoza 438"",""city"":""Neuquen"",""postal_code"":""Q8300"",""state"":""Neuquén Province"",""country"":""AR""}","[{""id"":""planning"",""name"":""Planning"",""options"":[{""name"":""Appointments recommended"",""enabled"":true}]}]",[],null,
c74ce646-d072-453e-a319-bed109b926b7,https://www.google.com/maps/place/Contadora+Georgina+Zelarayan/data=!4m7!3m6!1s0x960a33bf0df56981:0x91783912aaa61604!8m2!3d-38.9541295!4d-68.0574192!16s%2Fg%2F11mdhkyd8m!19sChIJgWn1Db8zCpYRBBamqhI5eJE?authuser=0&hl=en&rclk=1,Contadora Georgina Zelarayan,Chartered accountant,"Rivadavia 115, Q8300 Neuquén","{""Friday"":[""7:30 AM–8 PM""],""Monday"":[""7:30 AM–8 PM""],""Saturday"":[""9 AM–1 PM""],""Sunday"":[""Closed""],""Thursday"":[""7:30 AM–8 PM""],""Tuesday"":[""7:30 AM–8 PM""],""Wednesday"":[""7:30 AM–8 PM""]}",{},https://contadorenneuquen.com.ar/,0299 622-2236,"2WWV+82 Neuquen, Neuquén Province",7,5.000000,"{""1"":0,""2"":0,""3"":0,""4"":0,""5"":7}",-38.954130,-68.057419,10482190885040035332,Closed ⋅ Opens 7:30 AM Wed,,https://search.google.com/local/reviews?placeid=ChIJgWn1Db8zCpYRBBamqhI5eJE&q=Contadora+Georgina+Zelarayan&authuser=0&hl=en&gl=AR,https://lh3.googleusercontent.com/p/AF1QipNfbtp2nYQeOyBd43jKFKoSrlY9VLRI00_ZFe2e=w429-h240-k-no,America/Argentina/Salta,,0x960a33bf0df56981:0x91783912aaa61604,"[{""title"":""All"",""image"":""https://lh3.googleusercontent.com/p/AF1QipNfbtp2nYQeOyBd43jKFKoSrlY9VLRI00_ZFe2e=w533-h298-k-no""},{""title"":""Latest"",""image"":""https://lh3.googleusercontent.com/p/AF1QipNDtccng0NyVaigTbtZOUZSMSYdf1pp3MACADA5=w298-h298-k-no""},{""title"":""By owner"",""image"":""https://lh3.googleusercontent.com/p/AF1QipPfJb4Gq4Vx--8Cp2-iT5X2wx7-R8Cp_AbquHAf=w447-h298-k-no""},{""title"":""Street View \u0026 360°"",""image"":""https://streetviewpixels-pa.googleapis.com/v1/thumbnail?panoid=fdtz__8kgK9ewaMU2zRunw\u0026cb_client=maps_sv.tactile.gps\u0026w=224\u0026h=298\u0026yaw=181.25153\u0026pitch=0\u0026thumbfov=100""}]",null,null,"{""link"":"""",""source"":""""}","{""id"":""101012889425908618011"",""name"":""Contadora Georgina Zelarayan (Owner)"",""link"":""https://www.google.com/maps/contrib/101012889425908618011""}","{""borough"":"""",""street"":""Rivadavia 115"",""city"":""Neuquen"",""postal_code"":""Q8300"",""state"":""Neuquén Province"",""country"":""AR""}",null,[],null,
c74ce646-d072-453e-a319-bed109b926b7,https://www.google.com/maps/place/PABLO+AGUAYO+-+ESTUDIO+CONTABLE+Y+TRIBUTARIO/data=!4m7!3m6!1s0x960a33db0dafbbe7:0xdd3fc61a6300bb8a!8m2!3d-38.952699!4d-68.0573738!16s%2Fg%2F11flbpt8l0!19sChIJ57uvDdszCpYRirsAYxrGP90?authuser=0&hl=en&rclk=1,PABLO AGUAYO - ESTUDIO CONTABLE Y TRIBUTARIO,Accountant,"Juan Bautista Alberdi 102, Q8300 Neuquén","{""Friday"":[""8 AM–8 PM""],""Monday"":[""8 AM–8 PM""],""Saturday"":[""8 AM–8 PM""],""Sunday"":[""Closed""],""Thursday"":[""8 AM–8 PM""],""Tuesday"":[""8 AM–8 PM""],""Wednesday"":[""8 AM–8 PM""]}",{},http://www.pabloaguayo.com/,0299 524-3785,"2WWV+W3 Neuquen, Neuquén Province",4,4.800000,"{""1"":0,""2"":0,""3"":0,""4"":1,""5"":3}",-38.952699,-68.057374,15942679022547286922,Closed ⋅ Opens 8 AM Wed,,https://search.google.com/local/reviews?placeid=ChIJ57uvDdszCpYRirsAYxrGP90&q=PABLO+AGUAYO+-+ESTUDIO+CONTABLE+Y+TRIBUTARIO&authuser=0&hl=en&gl=AR,https://lh3.googleusercontent.com/p/AF1QipPoTPeacFV71N8l_oFgJzlPg453BrZWPzM9s5pv=w426-h240-k-no,America/Argentina/Salta,,0x960a33db0dafbbe7:0xdd3fc61a6300bb8a,"[{""title"":""All"",""image"":""https://lh3.googleusercontent.com/p/AF1QipPoTPeacFV71N8l_oFgJzlPg453BrZWPzM9s5pv=w529-h298-k-no""},{""title"":""By owner"",""image"":""https://lh3.googleusercontent.com/p/AF1QipPOqgKbMck3v0a99PhzReTgO1--246qs7P4dv9h=w298-h298-k-no""},{""title"":""Street View \u0026 360°"",""image"":""https://streetviewpixels-pa.googleapis.com/v1/thumbnail?panoid=7wW9Bt8w2i_c-RCsg1Xozw\u0026cb_client=maps_sv.tactile.gps\u0026w=224\u0026h=298\u0026yaw=352.51694\u0026pitch=0\u0026thumbfov=100""}]",null,null,"{""link"":"""",""source"":""""}","{""id"":""114549896450176478450"",""name"":""PABLO AGUAYO - ESTUDIO CONTABLE Y TRIBUTARIO (Owner)"",""link"":""https://www.google.com/maps/contrib/114549896450176478450""}","{""borough"":"""",""street"":""Juan Bautista Alberdi 102"",""city"":""Neuquen"",""postal_code"":""Q8300"",""state"":""Neuquén Province"",""country"":""AR""}","[{""id"":""service_options"",""name"":""Service options"",""options"":[{""name"":""Online appointments"",""enabled"":true},{""name"":""On-site services"",""enabled"":true}]},{""id"":""planning"",""name"":""Planning"",""options"":[{""name"":""Appointments recommended"",""enabled"":true}]}]",[],null,
c74ce646-d072-453e-a319-bed109b926b7,https://www.google.com/maps/place/Estudio+Contable+Brost+%26+Asociados/data=!4m7!3m6!1s0x960a33763f1ab775:0x632ac19728bb47dc!8m2!3d-38.9541521!4d-68.0490999!16s%2Fg%2F11j02zlz6x!19sChIJdbcaP3YzCpYR3Ee7KJfBKmM?authuser=0&hl=en&rclk=1,Estudio Contable Brost & Asociados,Certified public accountant,"Miguel A. Camino 85, Q8300 Neuquén","{""Friday"":[""8 AM–2 PM""],""Monday"":[""8 AM–2 PM""],""Saturday"":[""Closed""],""Sunday"":[""Closed""],""Thursday"":[""8 AM–2 PM""],""Tuesday"":[""8 AM–2 PM""],""Wednesday"":[""8 AM–2 PM""]}",{},http://www.estudiobrost.com/,0299 15-501-4459,"2XW2+89 Neuquen, Neuquén Province",10,5.000000,"{""1"":0,""2"":0,""3"":0,""4"":0,""5"":10}",-38.954152,-68.049100,7145736613744297948,Closed ⋅ Opens 8 AM Wed,,https://search.google.com/local/reviews?placeid=ChIJdbcaP3YzCpYR3Ee7KJfBKmM&q=Estudio+Contable+Brost+%26+Asociados&authuser=0&hl=en&gl=AR,https://lh3.googleusercontent.com/p/AF1QipMjZzmrnmRQuKWsRXgxpB93EiOim70BwuQd2CDB=w408-h905-k-no,America/Argentina/Salta,,0x960a33763f1ab775:0x632ac19728bb47dc,"[{""title"":""All"",""image"":""https://lh3.googleusercontent.com/p/AF1QipMjZzmrnmRQuKWsRXgxpB93EiOim70BwuQd2CDB=w224-h497-k-no""},{""title"":""By owner"",""image"":""https://lh3.googleusercontent.com/p/AF1QipP4D2KBrdoiIeDPJgGDT2QX7wKcJVc-ZOkaamnT=w224-h497-k-no""},{""title"":""Street View \u0026 360°"",""image"":""https://streetviewpixels-pa.googleapis.com/v1/thumbnail?panoid=AHUNCSNX-WCzAOD9sA794A\u0026cb_client=maps_sv.tactile.gps\u0026w=224\u0026h=298\u0026yaw=76.61048\u0026pitch=0\u0026thumbfov=100""}]",null,null,"{""link"":"""",""source"":""""}","{""id"":""118389952277044649987"",""name"":""Estudio Contable Brost \u0026 Asociados (Owner)"",""link"":""https://www.google.com/maps/contrib/118389952277044649987""}","{""borough"":"""",""street"":""Miguel A. Camino 85"",""city"":""Neuquen"",""postal_code"":""Q8300"",""state"":""Neuquén Province"",""country"":""AR""}","[{""id"":""from_the_business"",""name"":""From the business"",""options"":[{""name"":""Identifies as women-owned"",""enabled"":true}]},{""id"":""service_options"",""name"":""Service options"",""options"":[{""name"":""Online appointments"",""enabled"":true},{""name"":""On-site services"",""enabled"":true}]},{""id"":""amenities"",""name"":""Amenities"",""options"":[{""name"":""Gender-neutral toilets"",""enabled"":true}]},{""id"":""crowd"",""name"":""Crowd"",""options"":[{""name"":""LGBTQ+ friendly"",""enabled"":true},{""name"":""Transgender safe space"",""enabled"":true}]},{""id"":""planning"",""name"":""Planning"",""options"":[{""name"":""Appointment required"",""enabled"":true},{""name"":""Appointments recommended"",""enabled"":true}]}]",[],null,
c74ce646-d072-453e-a319-bed109b926b7,https://www.google.com/maps/place/Estudio+Contable+Eduardo+Ortenzi/data=!4m7!3m6!1s0x960a33655c01eab3:0xd8da89f1b9eaef67!8m2!3d-38.961985!4d-68.0576746!16s%2Fg%2F11lv_sb4_6!19sChIJs-oBXGUzCpYRZ-_qufGJ2tg?authuser=0&hl=en&rclk=1,Estudio Contable Eduardo Ortenzi,Accounting firm,"Corrientes 648, Q8300 Neuquén","{""Friday"":[""9 AM–2 PM"",""6–10 PM""],""Monday"":[""9 AM–2 PM"",""6–10 PM""],""Saturday"":[""Closed""],""Sunday"":[""Closed""],""Thursday"":[""9 AM–2 PM"",""6–10 PM""],""Tuesday"":[""9 AM–2 PM"",""6–10 PM""],""Wednesday"":[""9 AM–2 PM"",""6–10 PM""]}",{},,03826 40-1479,"2WQR+6W Neuquen, Neuquén Province",14,4.600000,"{""1"":1,""2"":0,""3"":0,""4"":1,""5"":12}",-38.961985,-68.057675,15625953528414662503,Open ⋅ Closes 10 PM,,https://search.google.com/local/reviews?placeid=ChIJs-oBXGUzCpYRZ-_qufGJ2tg&q=Estudio+Contable+Eduardo+Ortenzi&authuser=0&hl=en&gl=AR,https://streetviewpixels-pa.googleapis.com/v1/thumbnail?panoid=BimlUrjuC3Q8fRxEyRJoZw&cb_client=search.gws-prod.gps&w=408&h=240&yaw=36.81072&pitch=0&thumbfov=100,America/Argentina/Salta,,0x960a33655c01eab3:0xd8da89f1b9eaef67,"[{""title"":""All"",""image"":""https://streetviewpixels-pa.googleapis.com/v1/thumbnail?panoid=BimlUrjuC3Q8fRxEyRJoZw\u0026cb_client=maps_sv.tactile.gps\u0026w=224\u0026h=298\u0026yaw=36.81072\u0026pitch=0\u0026thumbfov=100""},{""title"":""By owner"",""image"":""https://lh3.googleusercontent.com/p/AF1QipP-feL7Yp5NJg35znqfr4v_jV-XJ5heHedC07-L=w505-h298-k-no""},{""title"":""Street View \u0026 360°"",""image"":""https://streetviewpixels-pa.googleapis.com/v1/thumbnail?panoid=BimlUrjuC3Q8fRxEyRJoZw\u0026cb_client=maps_sv.tactile.gps\u0026w=224\u0026h=298\u0026yaw=36.81072\u0026pitch=0\u0026thumbfov=100""}]",null,null,"{""link"":"""",""source"":""""}","{""id"":""110471734812653399796"",""name"":""Estudio Contable Eduardo Ortenzi (Owner)"",""link"":""https://www.google.com/maps/contrib/110471734812653399796""}","{""borough"":"""",""street"":""Corrientes 648"",""city"":""Neuquen"",""postal_code"":""Q8300"",""state"":""Neuquén Province"",""country"":""AR""}",null,[],null,
c74ce646-d072-453e-a319-bed109b926b7,https://www.google.com/maps/place/P+%26+S+Estudio+Contable/data=!4m7!3m6!1s0x960a33d6972fc857:0xac37bb75f0361111!8m2!3d-38.951612!4d-68.051887!16s%2Fg%2F11b70c8hr1!19sChIJV8gvl9YzCpYRERE28HW7N6w?authuser=0&hl=en&rclk=1,P & S Estudio Contable,Accountant,"Tucumán 335, Q8300 Neuquén","{""Friday"":[""8 AM–4 PM""],""Monday"":[""8 AM–4 PM""],""Saturday"":[""Closed""],""Sunday"":[""Closed""],""Thursday"":[""8 AM–4 PM""],""Tuesday"":[""8 AM–4 PM""],""Wednesday"":[""8 AM–4 PM""]}",{},http://www.psestudio.com.ar/,0299 442-5691,"2WXX+96 Neuquen, Neuquén Province",7,4.900000,"{""1"":0,""2"":0,""3"":0,""4"":1,""5"":6}",-38.951612,-68.051887,12409593413458333969,Closed ⋅ Opens 8 AM Wed,,https://search.google.com/local/reviews?placeid=ChIJV8gvl9YzCpYRERE28HW7N6w&q=P+%26+S+Estudio+Contable&authuser=0&hl=en&gl=AR,https://lh3.googleusercontent.com/gps-cs-s/AC9h4nolcWYmwsTxCHh8HoKwyyj8Uh8gKinyUC6F5blcFXpGPcAGteNc3wTFrscKwBrb5FRJ1tSPZ5xSdqU-k8rG3Ep-IJ33mUpHY0luPUg5wiGHeKbkFz0ui3bVUEwyZsAnNpN9Zhll=w408-h306-k-no,America/Argentina/Salta,,0x960a33d6972fc857:0xac37bb75f0361111,"[{""title"":""All"",""image"":""https://lh3.googleusercontent.com/gps-cs-s/AC9h4nolcWYmwsTxCHh8HoKwyyj8Uh8gKinyUC6F5blcFXpGPcAGteNc3wTFrscKwBrb5FRJ1tSPZ5xSdqU-k8rG3Ep-IJ33mUpHY0luPUg5wiGHeKbkFz0ui3bVUEwyZsAnNpN9Zhll=w397-h298-k-no""},{""title"":""Exterior"",""image"":""https://lh3.googleusercontent.com/p/AF1QipOv1ybDwqbO9S7Uld3D4ius5yFSzRBLnQLo2d4=w421-h298-k-no""},{""title"":""By owner"",""image"":""https://lh3.googleusercontent.com/p/AF1QipNzCUlj80lbqONEP8g_KoXkxMHHHouGv-jO_YI=w224-h300-k-no""},{""title"":""Street View \u0026 360°"",""image"":""https://streetviewpixels-pa.googleapis.com/v1/thumbnail?panoid=m1agiC0ZlWMTlRWa2MKb2A\u0026cb_client=maps_sv.tactile.gps\u0026w=224\u0026h=298\u0026yaw=82.83382\u0026pitch=0\u0026thumbfov=100""}]",null,null,"{""link"":"""",""source"":""""}","{""id"":""113744929273491965593"",""name"":""P \u0026 S Estudio Contable (Owner)"",""link"":""https://www.google.com/maps/contrib/113744929273491965593""}","{""borough"":"""",""street"":""Tucumán 335"",""city"":""Neuquen"",""postal_code"":""Q8300"",""state"":""Neuquén Province"",""country"":""AR""}",null,[],null,
c74ce646-d072-453e-a319-bed109b926b7,https://www.google.com/maps/place/MONTENEGRO+%26+ASOCIADOS+Estudio+Contable/data=!4m7!3m6!1s0x960a33dc134c3933:0xf63a25f419e4f9e!8m2!3d-38.9562125!4d-68.0678609!16s%2Fg%2F11c6vck4cd!19sChIJMzlME9wzCpYRnk-eQV-iYw8?authuser=0&hl=en&rclk=1,MONTENEGRO & ASOCIADOS Estudio Contable,Certified public accountant,"12 de Septiembre 610, Q8300FTA Neuquén","{""Friday"":[""8 AM–5 PM""],""Monday"":[""8 AM–5 PM""],""Saturday"":[""Closed""],""Sunday"":[""Closed""],""Thursday"":[""8 AM–5 PM""],""Tuesday"":[""8 AM–5 PM""],""Wednesday"":[""8 AM–5 PM""]}",{},http://myaestudio.com/,0299 628-4624,"2WVJ+GV Neuquen, Neuquén Province",3,5.000000,"{""1"":0,""2"":0,""3"":0,""4"":0,""5"":3}",-38.956212,-68.067861,1108908463269760926,Closed ⋅ Opens 8 AM Wed,,https://search.google.com/local/reviews?placeid=ChIJMzlME9wzCpYRnk-eQV-iYw8&q=MONTENEGRO+%26+ASOCIADOS+Estudio+Contable&authuser=0&hl=en&gl=AR,https://lh3.googleusercontent.com/p/AF1QipPkDaeVLB2Qzb3G7KFxmVgs-HUJjnHqKsHvaf-4=w426-h240-k-no,America/Argentina/Salta,,0x960a33dc134c3933:0xf63a25f419e4f9e,"[{""title"":""All"",""image"":""https://lh3.googleusercontent.com/p/AF1QipPkDaeVLB2Qzb3G7KFxmVgs-HUJjnHqKsHvaf-4=w529-h298-k-no""},{""title"":""By owner"",""image"":""https://lh3.googleusercontent.com/p/AF1QipPkDaeVLB2Qzb3G7KFxmVgs-HUJjnHqKsHvaf-4=w529-h298-k-no""},{""title"":""Street View \u0026 360°"",""image"":""https://streetviewpixels-pa.googleapis.com/v1/thumbnail?panoid=l1TQ4n6-zYL21lBqhvuKdg\u0026cb_client=maps_sv.tactile.gps\u0026w=224\u0026h=298\u0026yaw=202.12654\u0026pitch=0\u0026thumbfov=100""}]",null,"[{""link"":""http://myaestudio.com/"",""source"":""myaestudio.com""}]","{""link"":"""",""source"":""""}","{""id"":""101405198238847357069"",""name"":""MONTENEGRO \u0026 ASOCIADOS Estudio Contable (Owner)"",""link"":""https://www.google.com/maps/contrib/101405198238847357069""}","{""borough"":"""",""street"":""12 de Septiembre 610"",""city"":""Neuquen"",""postal_code"":""Q8300"",""state"":""Neuquén Province"",""country"":""AR""}","[{""id"":""accessibility"",""name"":""Accessibility"",""options"":[{""name"":""Wheelchair-accessible entrance"",""enabled"":true}]},{""id"":""planning"",""name"":""Planning"",""options"":[{""name"":""Appointments recommended"",""enabled"":true}]}]",[],null,
c74ce646-d072-453e-a319-bed109b926b7,https://www.google.com/maps/place/Estudio+Contable+Ferreria/data=!4m7!3m6!1s0x960a33c55bc937e3:0x82f52b02b2d147fe!8m2!3d-38.9486963!4d-68.0602281!16s%2Fg%2F1q62fj10s!19sChIJ4zfJW8UzCpYR_kfRsgIr9YI?authuser=0&hl=en&rclk=1,Estudio Contable Ferreria,Accountant,"Sgto. Cabral 76, Q8300NVA Neuquén","{""Friday"":[""9 AM–2 PM""],""Monday"":[""9 AM–2 PM""],""Saturday"":[""Closed""],""Sunday"":[""Closed""],""Thursday"":[""9 AM–2 PM""],""Tuesday"":[""9 AM–2 PM""],""Wednesday"":[""9 AM–2 PM""]}",{},,0299 501-4883,"3W2Q+GW Neuquen, Neuquén Province",6,4.800000,"{""1"":0,""2"":0,""3"":0,""4"":1,""5"":5}",-38.948696,-68.060228,9436495884814731262,Closed ⋅ Opens 9 AM Wed,,https://search.google.com/local/reviews?placeid=ChIJ4zfJW8UzCpYR_kfRsgIr9YI&q=Estudio+Contable+Ferreria&authuser=0&hl=en&gl=AR,https://streetviewpixels-pa.googleapis.com/v1/thumbnail?panoid=6AtYG0ZSl8dydKVrfkH6jQ&cb_client=search.gws-prod.gps&w=408&h=240&yaw=201.68875&pitch=0&thumbfov=100,America/Argentina/Salta,,0x960a33c55bc937e3:0x82f52b02b2d147fe,"[{""title"":""All"",""image"":""https://streetviewpixels-pa.googleapis.com/v1/thumbnail?panoid=6AtYG0ZSl8dydKVrfkH6jQ\u0026cb_client=maps_sv.tactile.gps\u0026w=224\u0026h=298\u0026yaw=201.68875\u0026pitch=0\u0026thumbfov=100""},{""title"":""Street View \u0026 360°"",""image"":""https://streetviewpixels-pa.googleapis.com/v1/thumbnail?panoid=6AtYG0ZSl8dydKVrfkH6jQ\u0026cb_client=maps_sv.tactile.gps\u0026w=224\u0026h=298\u0026yaw=201.68875\u0026pitch=0\u0026thumbfov=100""}]",null,null,"{""link"":"""",""source"":""""}","{""id"":"""",""name"":""Estudio Contable Ferreria (Owner)"",""link"":""""}","{""borough"":"""",""street"":""Sgto. Cabral 76"",""city"":""Neuquen"",""postal_code"":""Q8300"",""state"":""Neuquén Province"",""country"":""AR""}","[{""id"":""planning"",""name"":""Planning"",""options"":[{""name"":""Appointments recommended"",""enabled"":true}]}]",[],null,
c74ce646-d072-453e-a319-bed109b926b7,https://www.google.com/maps/place/ESTUDIO+CONTABLE+CURCIO/data=!4m7!3m6!1s0x960a33d17b822813:0x6360e313a7410c36!8m2!3d-38.9526655!4d-68.0561135!16s%2Fg%2F1v2gfz1f!19sChIJEyiCe9EzCpYRNgxBpxPjYGM?authuser=0&hl=en&rclk=1,ESTUDIO CONTABLE CURCIO,Accountant,"Sta. Fe 215, Q8300 Neuquén","{""Friday"":[""8 AM–5 PM""],""Monday"":[""8 AM–5 PM""],""Saturday"":[""Closed""],""Sunday"":[""Closed""],""Thursday"":[""8 AM–5 PM""],""Tuesday"":[""8 AM–5 PM""],""Wednesday"":[""8 AM–5 PM""]}",{},http://estudiocurcio.com.ar/,0299 420-3133,"2WWV+WH Neuquen, Neuquén Province",2,5.000000,"{""1"":0,""2"":0,""3"":0,""4"":0,""5"":2}",-38.952665,-68.056113,7160973081069030454,Closed ⋅ Opens 8 AM Wed,,https://search.google.com/local/reviews?placeid=ChIJEyiCe9EzCpYRNgxBpxPjYGM&q=ESTUDIO+CONTABLE+CURCIO&authuser=0&hl=en&gl=AR,https://streetviewpixels-pa.googleapis.com/v1/thumbnail?panoid=3bn0lXgxev4o7QcBd_0a3w&cb_client=search.gws-prod.gps&w=408&h=240&yaw=106.18843&pitch=0&thumbfov=100,America/Argentina/Salta,,0x960a33d17b822813:0x6360e313a7410c36,"[{""title"":""All"",""image"":""https://streetviewpixels-pa.googleapis.com/v1/thumbnail?panoid=3bn0lXgxev4o7QcBd_0a3w\u0026cb_client=maps_sv.tactile.gps\u0026w=224\u0026h=298\u0026yaw=106.18843\u0026pitch=0\u0026thumbfov=100""},{""title"":""Street View \u0026 360°"",""image"":""https://streetviewpixels-pa.googleapis.com/v1/thumbnail?panoid=3bn0lXgxev4o7QcBd_0a3w\u0026cb_client=maps_sv.tactile.gps\u0026w=224\u0026h=298\u0026yaw=106.18843\u0026pitch=0\u0026thumbfov=100""}]",null,null,"{""link"":"""",""source"":""""}","{""id"":""109639736821246343381"",""name"":""ESTUDIO CONTABLE CURCIO (Owner)"",""link"":""https://www.google.com/maps/contrib/109639736821246343381""}","{""borough"":"""",""street"":""Sta. Fe 215"",""city"":""Neuquen"",""postal_code"":""Q8300"",""state"":""Neuquén Province"",""country"":""AR""}","[{""id"":""planning"",""name"":""Planning"",""options"":[{""name"":""Appointments recommended"",""enabled"":true}]}]",[],null,
c74ce646-d072-453e-a319-bed109b926b7,https://www.google.com/maps/place/CPCEN+Consejo+Profesional+de+Ciencias+Econ%C3%B3micas+de+la+Provincia+del+Neuqu%C3%A9n/data=!4m7!3m6!1s0x960a33ce9a290ebb:0x101907b1e7a62ae9!8m2!3d-38.954201!4d-68.06376!16s%2Fg%2F11b7256w80!19sChIJuw4pms4zCpYR6Sqm57EHGRA?authuser=0&hl=en&rclk=1,CPCEN Consejo Profesional de Ciencias Económicas de la Provincia del Neuquén,Bookkeeping service,"Juan B. Justo 316, Q8300 HCH, Neuquén","{""Friday"":[""8:15 AM–2 PM""],""Monday"":[""8:15 AM–2 PM""],""Saturday"":[""Closed""],""Sunday"":[""Closed""],""Thursday"":[""8:15 AM–2 PM""],""Tuesday"":[""8:15 AM–2 PM""],""Wednesday"":[""8:15 AM–2 PM""]}",{},http://www.cpcen.org.ar/,0299 442-2736,"2WWP+8F Neuquen, Neuquén Province",6,4.700000,"{""1"":0,""2"":0,""3"":0,""4"":2,""5"":4}",-38.954201,-68.063760,1159966839701646057,Closed ⋅ Opens 8:15 AM Wed,,https://search.google.com/local/reviews?placeid=ChIJuw4pms4zCpYR6Sqm57EHGRA&q=CPCEN+Consejo+Profesional+de+Ciencias+Econ%C3%B3micas+de+la+Provincia+del+Neuqu%C3%A9n&authuser=0&hl=en&gl=AR,https://streetviewpixels-pa.googleapis.com/v1/thumbnail?panoid=r35eSHLYTa337iakJcsORQ&cb_client=search.gws-prod.gps&w=408&h=240&yaw=175.70369&pitch=0&thumbfov=100,America/Argentina/Salta,,0x960a33ce9a290ebb:0x101907b1e7a62ae9,"[{""title"":""All"",""image"":""https://streetviewpixels-pa.googleapis.com/v1/thumbnail?panoid=r35eSHLYTa337iakJcsORQ\u0026cb_client=maps_sv.tactile.gps\u0026w=224\u0026h=298\u0026yaw=175.70369\u0026pitch=0\u0026thumbfov=100""},{""title"":""Street View \u0026 360°"",""image"":""https://streetviewpixels-pa.googleapis.com/v1/thumbnail?panoid=r35eSHLYTa337iakJcsORQ\u0026cb_client=maps_sv.tactile.gps\u0026w=224\u0026h=298\u0026yaw=175.70369\u0026pitch=0\u0026thumbfov=100""}]",null,null,"{""link"":"""",""source"":""""}","{""id"":"""",""name"":""CPCEN Consejo Profesional de Ciencias Económicas de la Provincia del Neuquén (Owner)"",""link"":""""}","{""borough"":"""",""street"":""Juan B. Justo 316"",""city"":""HCH"",""postal_code"":""Q8300"",""state"":""Neuquén Province"",""country"":""AR""}","[{""id"":""accessibility"",""name"":""Accessibility"",""options"":[{""name"":""Wheelchair-accessible car park"",""enabled"":true},{""name"":""Wheelchair-accessible entrance"",""enabled"":true}]}]",[],null,
c74ce646-d072-453e-a319-bed109b926b7,https://www.google.com/maps/place/Estudio+Contable+CH+Asociados/data=!4m7!3m6!1s0x960a339820480c73:0xc909c3351f88ca25!8m2!3d-38.9493197!4d-68.0508409!16s%2Fg%2F11gvtdbgt2!19sChIJcwxIIJgzCpYRJcqIHzXDCck?authuser=0&hl=en&rclk=1,Estudio Contable CH Asociados,Certified public accountant,"Entre Ríos 530, Q8300 Neuquén","{""Friday"":[""8 AM–8 PM""],""Monday"":[""8 AM–8 PM""],""Saturday"":[""8 AM–1 PM""],""Sunday"":[""Closed""],""Thursday"":[""8 AM–8 PM""],""Tuesday"":[""8 AM–8 PM""],""Wednesday"":[""8 AM–8 PM""]}",{},,02942 53-2595,"3W2X+7M Neuquen, Neuquén Province",2,5.000000,"{""1"":0,""2"":0,""3"":0,""4"":0,""5"":2}",-38.949320,-68.050841,14486324309343652389,Closed ⋅ Opens 8 AM Wed,,https://search.google.com/local/reviews?placeid=ChIJcwxIIJgzCpYRJcqIHzXDCck&q=Estudio+Contable+CH+Asociados&authuser=0&hl=en&gl=AR,https://lh3.googleusercontent.com/p/AF1QipPtm8TftVr630-DbnDNmHQYgI7OmVM8eTs3wUMo=w408-h306-k-no,America/Argentina/Salta,,0x960a339820480c73:0xc909c3351f88ca25,"[{""title"":""All"",""image"":""https://lh3.googleusercontent.com/p/AF1QipPtm8TftVr630-DbnDNmHQYgI7OmVM8eTs3wUMo=w397-h298-k-no""},{""title"":""By owner"",""image"":""https://lh3.googleusercontent.com/p/AF1QipOCwKCFij3TbQvYCSV7RaG92YtP7i_76GNumduX=w397-h298-k-no""},{""title"":""Street View \u0026 360°"",""image"":""https://streetviewpixels-pa.googleapis.com/v1/thumbnail?panoid=Eyu6wSjgx2yVga4YJ8b7hg\u0026cb_client=maps_sv.tactile.gps\u0026w=224\u0026h=298\u0026yaw=288.65646\u0026pitch=0\u0026thumbfov=100""}]",null,null,"{""link"":"""",""source"":""""}","{""id"":""113405988647761715125"",""name"":""Estudio Contable CH Asociados (Owner)"",""link"":""https://www.google.com/maps/contrib/113405988647761715125""}","{""borough"":"""",""street"":""Entre Ríos 530"",""city"":""Neuquen"",""postal_code"":""Q8300"",""state"":""Neuquén Province"",""country"":""AR""}","[{""id"":""service_options"",""name"":""Service options"",""options"":[{""name"":""Online appointments"",""enabled"":true},{""name"":""On-site services"",""enabled"":true}]}]",[],null,
c74ce646-d072-453e-a319-bed109b926b7,https://www.google.com/maps/place/Jorge+Diomedi+Contador+P%C3%BAblico+Nacional/data=!4m7!3m6!1s0x960a33da708ea2e5:0xdefdc69a8e8a7554!8m2!3d-38.9477259!4d-68.055881!16s%2Fg%2F11c2l4qm1s!19sChIJ5aKOcNozCpYRVHWKjprG_d4?authuser=0&hl=en&rclk=1,Jorge Diomedi Contador Público Nacional,Accountant,"Sta. Fe 679 1° Piso oficina 4, Q8300 Neuquén","{""Friday"":[""8:30 AM–4 PM""],""Monday"":[""8:30 AM–4 PM""],""Saturday"":[""Closed""],""Sunday"":[""Closed""],""Thursday"":[""8:30 AM–4 PM""],""Tuesday"":[""8:30 AM–4 PM""],""Wednesday"":[""8:30 AM–4 PM""]}",{},,0299 478-1509,"3W2V+WJ Neuquen, Neuquén Province",1,5.000000,"{""1"":0,""2"":0,""3"":0,""4"":0,""5"":1}",-38.947726,-68.055881,16068217412646499668,Closed ⋅ Opens 8:30 AM Wed,,https://search.google.com/local/reviews?placeid=ChIJ5aKOcNozCpYRVHWKjprG_d4&q=Jorge+Diomedi+Contador+P%C3%BAblico+Nacional&authuser=0&hl=en&gl=AR,https://streetviewpixels-pa.googleapis.com/v1/thumbnail?panoid=Fhgq7CKL8gfmVygtk0rLIA&cb_client=search.gws-prod.gps&w=408&h=240&yaw=95.794495&pitch=0&thumbfov=100,America/Argentina/Salta,,0x960a33da708ea2e5:0xdefdc69a8e8a7554,"[{""title"":""All"",""image"":""https://streetviewpixels-pa.googleapis.com/v1/thumbnail?panoid=Fhgq7CKL8gfmVygtk0rLIA\u0026cb_client=maps_sv.tactile.gps\u0026w=224\u0026h=298\u0026yaw=95.794495\u0026pitch=0\u0026thumbfov=100""},{""title"":""Street View \u0026 360°"",""image"":""https://streetviewpixels-pa.googleapis.com/v1/thumbnail?panoid=Fhgq7CKL8gfmVygtk0rLIA\u0026cb_client=maps_sv.tactile.gps\u0026w=224\u0026h=298\u0026yaw=95.794495\u0026pitch=0\u0026thumbfov=100""}]",null,null,"{""link"":"""",""source"":""""}","{""id"":""100771747658037622303"",""name"":""Jorge Diomedi Contador Público Nacional (Owner)"",""link"":""https://www.google.com/maps/contrib/100771747658037622303""}","{""borough"":"""",""street"":""Sta. Fe 679 1° Piso oficina 4"",""city"":""Neuquen"",""postal_code"":""Q8300"",""state"":""Neuquén Province"",""country"":""AR""}",null,[],null,
c74ce646-d072-453e-a319-bed109b926b7,https://www.google.com/maps/place/S%C3%A1nchez+-+Vidal+%26+Asociados/data=!4m7!3m6!1s0x960a33c9a30f5991:0xc7683dd2112b06c6!8m2!3d-38.954506!4d-68.0692402!16s%2Fg%2F11b75hpqt5!19sChIJkVkPo8kzCpYRxgYrEdI9aMc?authuser=0&hl=en&rclk=1,Sánchez - Vidal & Asociados,Accountant,"Gral. Fotheringham 20, Q8300 Neuquén","{""Friday"":[""8 AM–1 PM""],""Monday"":[""8 AM–1 PM""],""Saturday"":[""Closed""],""Sunday"":[""Closed""],""Thursday"":[""8 AM–1 PM""],""Tuesday"":[""8 AM–1 PM""],""Wednesday"":[""8 AM–1 PM""]}",{},http://www.sanchezvidal.com.ar/,0299 448-4408,"2WWJ+58 Neuquen, Neuquén Province",1,5.000000,"{""1"":0,""2"":0,""3"":0,""4"":0,""5"":1}",-38.954506,-68.069240,14368802583566026438,Closed ⋅ Opens 8 AM Wed,,https://search.google.com/local/reviews?placeid=ChIJkVkPo8kzCpYRxgYrEdI9aMc&q=S%C3%A1nchez+-+Vidal+%26+Asociados&authuser=0&hl=en&gl=AR,https://lh3.googleusercontent.com/gps-proxy/ALd4DhHKQOTWAfPqljHCgjIjoqe7T2mavYlakIDkWJVlUES0OwG9UhLRK-U6ef27t-JTyrYSqbThlPUGi5tJsKbAm4TUN2EYIWmAKLc644MGX2ej5MUlxXCySHne0hlOylLajAoXBhNtY_DAJvkQetRHrGOrVQB-k-7dfM0L7uc0Bu_T1P3mmNc_wgk2lspBmtPERFwPPnM=w427-h240-k-no,America/Argentina/Salta,,0x960a33c9a30f5991:0xc7683dd2112b06c6,"[{""title"":""All"",""image"":""https://lh3.googleusercontent.com/gps-proxy/ALd4DhGK7GKIClNXeKi4kFO0peMUW_pz9DwR2tV13i33VhAEh1ilC5dB091MLEQ0ogp3bUTIOPZpPHYUBjbsCrofpYgVaVCblGzCZaKpxj-0_j3-co3wALcpQneCrpe6oEI-WPdjkqKvuP5HsL98h2n6yPWir7oSz5g3zjx47z7hTjVZT6jc8mge9_dFY02opVkEoBR0hM8=w530-h298-k-no""},{""title"":""Exterior"",""image"":""https://lh3.googleusercontent.com/gps-proxy/ALd4DhGK7GKIClNXeKi4kFO0peMUW_pz9DwR2tV13i33VhAEh1ilC5dB091MLEQ0ogp3bUTIOPZpPHYUBjbsCrofpYgVaVCblGzCZaKpxj-0_j3-co3wALcpQneCrpe6oEI-WPdjkqKvuP5HsL98h2n6yPWir7oSz5g3zjx47z7hTjVZT6jc8mge9_dFY02opVkEoBR0hM8=w530-h298-k-no""},{""title"":""Street View \u0026 360°"",""image"":""https://streetviewpixels-pa.googleapis.com/v1/thumbnail?panoid=_A4OkrvKvBzGjJQPC-5v9Q\u0026cb_client=maps_sv.tactile.gps\u0026w=224\u0026h=298\u0026yaw=287.89685\u0026pitch=0\u0026thumbfov=100""}]",null,null,"{""link"":"""",""source"":""""}","{""id"":"""",""name"":""Sánchez - Vidal \u0026 Asociados (Owner)"",""link"":""""}","{""borough"":"""",""street"":""Gral. Fotheringham 20"",""city"":""Neuquen"",""postal_code"":""Q8300"",""state"":""Neuquén Province"",""country"":""AR""}","[{""id"":""planning"",""name"":""Planning"",""options"":[{""name"":""Appointments recommended"",""enabled"":true}]}]",[],null,
c74ce646-d072-453e-a319-bed109b926b7,https://www.google.com/maps/place/ESTUDIO+CONTABLE+HUGO+ALBERTO+FRANZESE/data=!4m7!3m6!1s0x960a33d4a9fac917:0x4967b097929eb3c0!8m2!3d-38.9573309!4d-68.053673!16s%2Fg%2F11b70h_vxn!19sChIJF8n6qdQzCpYRwLOekpewZ0k?authuser=0&hl=en&rclk=1,ESTUDIO CONTABLE HUGO ALBERTO FRANZESE,Accountant,"Bartolomé Mitre 385, Q8300 Neuquén",{},{},,0299 443-2360,"2WVW+3G Neuquen, Neuquén Province",1,5.000000,"{""1"":0,""2"":0,""3"":0,""4"":0,""5"":1}",-38.957331,-68.053673,5289390452416361408,,,https://search.google.com/local/reviews?placeid=ChIJF8n6qdQzCpYRwLOekpewZ0k&q=ESTUDIO+CONTABLE+HUGO+ALBERTO+FRANZESE&authuser=0&hl=en&gl=AR,https://streetviewpixels-pa.googleapis.com/v1/thumbnail?panoid=4xSVvSLPTlCi_nicnCkayg&cb_client=search.gws-prod.gps&w=408&h=240&yaw=186.74017&pitch=0&thumbfov=100,America/Argentina/Salta,,0x960a33d4a9fac917:0x4967b097929eb3c0,"[{""title"":""All"",""image"":""https://streetviewpixels-pa.googleapis.com/v1/thumbnail?panoid=4xSVvSLPTlCi_nicnCkayg\u0026cb_client=maps_sv.tactile.gps\u0026w=224\u0026h=298\u0026yaw=186.74017\u0026pitch=0\u0026thumbfov=100""},{""title"":""Street View \u0026 360°"",""image"":""https://streetviewpixels-pa.googleapis.com/v1/thumbnail?panoid=4xSVvSLPTlCi_nicnCkayg\u0026cb_client=maps_sv.tactile.gps\u0026w=224\u0026h=298\u0026yaw=186.74017\u0026pitch=0\u0026thumbfov=100""}]",null,null,"{""link"":"""",""source"":""""}","{""id"":"""",""name"":""ESTUDIO CONTABLE HUGO ALBERTO FRANZESE (Owner)"",""link"":""""}","{""borough"":"""",""street"":""Bartolomé Mitre 385"",""city"":""Neuquen"",""postal_code"":""Q8300"",""state"":""Neuquén Province"",""country"":""AR""}",null,[],null,
c74ce646-d072-453e-a319-bed109b926b7,https://www.google.com/maps/place/ABM+Contadores+Asociados/data=!4m7!3m6!1s0x960a33ca33cdf7bf:0x4dc14976190ccbde!8m2!3d-38.9565591!4d-68.0689655!16s%2Fg%2F11b6c57xbq!19sChIJv_fNM8ozCpYR3ssMGXZJwU0?authuser=0&hl=en&rclk=1,ABM Contadores Asociados,Certified public accountant,"Int. Nordenstrom 160, Q8302 Neuquén","{""Friday"":[""4–8 PM""],""Monday"":[""4–8 PM""],""Saturday"":[""9 AM–1 PM""],""Sunday"":[""Closed""],""Thursday"":[""4–8 PM""],""Tuesday"":[""4–8 PM""],""Wednesday"":[""4–8 PM""]}",{},,0299 447-3499,"2WVJ+9C Neuquen, Neuquén Province",0,0.000000,"{""1"":0,""2"":0,""3"":0,""4"":0,""5"":0}",-38.956559,-68.068965,5602840183000845278,Closed ⋅ Opens 4 PM Wed,,,https://lh3.googleusercontent.com/p/AF1QipOdNmiXqu6J1bWTyuAgcEk6SogQxOc0Ov8_flUi=w483-h240-k-no,America/Argentina/Salta,,0x960a33ca33cdf7bf:0x4dc14976190ccbde,"[{""title"":""All"",""image"":""https://lh3.googleusercontent.com/p/AF1QipOdNmiXqu6J1bWTyuAgcEk6SogQxOc0Ov8_flUi=w600-h298-k-no""},{""title"":""By owner"",""image"":""https://lh3.googleusercontent.com/p/AF1QipOh9gx2RApOtqQ3-DD6IcaTfJew73eFYcxzbn2Y=w447-h298-k-no""},{""title"":""Street View \u0026 360°"",""image"":""https://streetviewpixels-pa.googleapis.com/v1/thumbnail?panoid=yttuwIlWEkNs6Ufa9uubHQ\u0026cb_client=maps_sv.tactile.gps\u0026w=224\u0026h=298\u0026yaw=94.2937\u0026pitch=0\u0026thumbfov=100""}]",null,null,"{""link"":"""",""source"":""""}","{""id"":""117774215922467780341"",""name"":""ABM Contadores Asociados (Owner)"",""link"":""https://www.google.com/maps/contrib/117774215922467780341""}","{""borough"":"""",""street"":""Int. Nordenstrom 160"",""city"":""Neuquen"",""postal_code"":"""",""state"":""Neuquén Province"",""country"":""AR""}","[{""id"":""planning"",""name"":""Planning"",""options"":[{""name"":""Appointments recommended"",""enabled"":true}]}]",[],null,
c74ce646-d072-453e-a319-bed109b926b7,https://www.google.com/maps/place/ESTUDIO+CONTABLE+MARISA+L.+TRELLINI/data=!4m7!3m6!1s0x960a33cd5642a735:0xa4ffefe42008dfde!8m2!3d-38.958483!4d-68.059939!16s%2Fg%2F11b70dhp82!19sChIJNadCVs0zCpYR3t8IIOTv_6Q?authuser=0&hl=en&rclk=1,ESTUDIO CONTABLE MARISA L. TRELLINI,Bookkeeping service,"Ministro Amancio Alcorta 30 Piso 4. Oficina 5, Q8300LEB Neuquén",{},{},,0299 448-8175,"2WRR+J2 Neuquen, Neuquén Province",2,5.000000,"{""1"":0,""2"":0,""3"":0,""4"":0,""5"":2}",-38.958483,-68.059939,11889485304350433246,,,https://search.google.com/local/reviews?placeid=ChIJNadCVs0zCpYR3t8IIOTv_6Q&q=ESTUDIO+CONTABLE+MARISA+L.+TRELLINI&authuser=0&hl=en&gl=AR,https://streetviewpixels-pa.googleapis.com/v1/thumbnail?panoid=IuYjccBzl0BMS1jAGGOSfA&cb_client=search.gws-prod.gps&w=408&h=240&yaw=184.68971&pitch=0&thumbfov=100,America/Argentina/Salta,,0x960a33cd5642a735:0xa4ffefe42008dfde,"[{""title"":""All"",""image"":""https://streetviewpixels-pa.googleapis.com/v1/thumbnail?panoid=IuYjccBzl0BMS1jAGGOSfA\u0026cb_client=maps_sv.tactile.gps\u0026w=224\u0026h=298\u0026yaw=184.68971\u0026pitch=0\u0026thumbfov=100""},{""title"":""Street View \u0026 360°"",""image"":""https://streetviewpixels-pa.googleapis.com/v1/thumbnail?panoid=IuYjccBzl0BMS1jAGGOSfA\u0026cb_client=maps_sv.tactile.gps\u0026w=224\u0026h=298\u0026yaw=184.68971\u0026pitch=0\u0026thumbfov=100""}]",null,null,"{""link"":"""",""source"":""""}","{""id"":"""",""name"":""ESTUDIO CONTABLE MARISA L. TRELLINI (Owner)"",""link"":""""}","{""borough"":"""",""street"":""Ministro Amancio Alcorta 30 Piso 4. Oficina 5"",""city"":""Neuquen"",""postal_code"":""Q8300"",""state"":""Neuquén Province"",""country"":""AR""}",null,[],null,
c74ce646-d072-453e-a319-bed109b926b7,https://www.google.com/maps/place/Estudio+Contable+Rodr%C3%ADguez+%26+Asociados/data=!4m7!3m6!1s0x960a3359c8b8b1bd:0xc3000720c1314c3f!8m2!3d-38.9423657!4d-68.0541823!16s%2Fg%2F11x62zszwz!19sChIJvbG4yFkzCpYRP0wxwSAHAMM?authuser=0&hl=en&rclk=1,Estudio Contable Rodríguez & Asociados,Chartered accountant,"Dr. Luis Federico Leloir 353, Q8300 Neuquén","{""Friday"":[""8 AM–6 PM""],""Monday"":[""8 AM–6 PM""],""Saturday"":[""8 AM–1 PM""],""Sunday"":[""Closed""],""Thursday"":[""8 AM–6 PM""],""Tuesday"":[""8 AM–6 PM""],""Wednesday"":[""8 AM–6 PM""]}",{},,0298 460-4239,"3W5W+38 Neuquen, Neuquén Province",2,5.000000,"{""1"":0,""2"":0,""3"":0,""4"":0,""5"":2}",-38.942366,-68.054182,14051238674657528895,Closed ⋅ Opens 8 AM Wed,,https://search.google.com/local/reviews?placeid=ChIJvbG4yFkzCpYRP0wxwSAHAMM&q=Estudio+Contable+Rodr%C3%ADguez+%26+Asociados&authuser=0&hl=en&gl=AR,https://streetviewpixels-pa.googleapis.com/v1/thumbnail?panoid=wX7ZwgVJbw4QdC5ZmkPD2w&cb_client=search.gws-prod.gps&w=408&h=240&yaw=176.54752&pitch=0&thumbfov=100,America/Argentina/Salta,,0x960a3359c8b8b1bd:0xc3000720c1314c3f,"[{""title"":""All"",""image"":""https://streetviewpixels-pa.googleapis.com/v1/thumbnail?panoid=wX7ZwgVJbw4QdC5ZmkPD2w\u0026cb_client=maps_sv.tactile.gps\u0026w=224\u0026h=298\u0026yaw=176.54752\u0026pitch=0\u0026thumbfov=100""},{""title"":""By owner"",""image"":""https://lh3.googleusercontent.com/p/AF1QipPKTHnD1K171Tvb93QtBXUyg89DqGewFujAWymx=w283-h298-k-no""},{""title"":""Street View \u0026 360°"",""image"":""https://streetviewpixels-pa.googleapis.com/v1/thumbnail?panoid=wX7ZwgVJbw4QdC5ZmkPD2w\u0026cb_client=maps_sv.tactile.gps\u0026w=224\u0026h=298\u0026yaw=176.54752\u0026pitch=0\u0026thumbfov=100""}]",null,null,"{""link"":"""",""source"":""""}","{""id"":""103237930764446985216"",""name"":""Estudio Contable Rodríguez \u0026 Asociados (Owner)"",""link"":""https://www.google.com/maps/contrib/103237930764446985216""}","{""borough"":"""",""street"":""Dr. Luis Federico Leloir 353"",""city"":""Neuquen"",""postal_code"":""Q8300"",""state"":""Neuquén Province"",""country"":""AR""}",null,[],null,
c74ce646-d072-453e-a319-bed109b926b7,https://www.google.com/maps/place/Estudio+Contable+Carnicero/data=!4m7!3m6!1s0x960a33b882bfe5bf:0x3f9548a14c1a49fa!8m2!3d-38.9481698!4d-68.0714623!16s%2Fg%2F11bbrjqnlb!19sChIJv-W_grgzCpYR-kkaTKFIlT8?authuser=0&hl=en&rclk=1,Estudio Contable Carnicero,Accountant,"Padre Brentana José 635, Q8300BEQ Neuquén","{""Friday"":[""9 AM–5 PM""],""Monday"":[""9 AM–5 PM""],""Saturday"":[""Closed""],""Sunday"":[""Closed""],""Thursday"":[""9 AM–5 PM""],""Tuesday"":[""9 AM–5 PM""],""Wednesday"":[""9 AM–5 PM""]}",{},http://www.estudioic.com/,0299 442-6430,"3W2H+PC Neuquen, Neuquén Province",1,5.000000,"{""1"":0,""2"":0,""3"":0,""4"":0,""5"":1}",-38.948170,-68.071462,4581648053523073530,Closed ⋅ Opens 9 AM Wed,,https://search.google.com/local/reviews?placeid=ChIJv-W_grgzCpYR-kkaTKFIlT8&q=Estudio+Contable+Carnicero&authuser=0&hl=en&gl=AR,https://streetviewpixels-pa.googleapis.com/v1/thumbnail?panoid=iyIUvJl7T_CH_FL-8R0Alw&cb_client=search.gws-prod.gps&w=408&h=240&yaw=101.85544&pitch=0&thumbfov=100,America/Argentina/Salta,,0x960a33b882bfe5bf:0x3f9548a14c1a49fa,"[{""title"":""All"",""image"":""https://streetviewpixels-pa.googleapis.com/v1/thumbnail?panoid=iyIUvJl7T_CH_FL-8R0Alw\u0026cb_client=maps_sv.tactile.gps\u0026w=224\u0026h=298\u0026yaw=101.85544\u0026pitch=0\u0026thumbfov=100""},{""title"":""Street View \u0026 360°"",""image"":""https://streetviewpixels-pa.googleapis.com/v1/thumbnail?panoid=iyIUvJl7T_CH_FL-8R0Alw\u0026cb_client=maps_sv.tactile.gps\u0026w=224\u0026h=298\u0026yaw=101.85544\u0026pitch=0\u0026thumbfov=100""}]",null,null,"{""link"":"""",""source"":""""}","{""id"":"""",""name"":""Estudio Contable Carnicero (Owner)"",""link"":""""}","{""borough"":"""",""street"":""Padre Brentana José 635"",""city"":""Neuquen"",""postal_code"":""Q8300"",""state"":""Neuquén Province"",""country"":""AR""}","[{""id"":""planning"",""name"":""Planning"",""options"":[{""name"":""Appointments recommended"",""enabled"":true}]}]",[],null,
c74ce646-d072-453e-a319-bed109b926b7,https://www.google.com/maps/place/ESTUDIO+CONTABLE-IMPOSITIVO-LABORAL+CONTADOR+MARTIN+RAUSCH/data=!4m7!3m6!1s0x960a317e275d5c07:0x2f3aa8c30806df01!8m2!3d-38.9530605!4d-68.0478338!16s%2Fg%2F1tdk6ch_!19sChIJB1xdJ34xCpYRAd8GCMOoOi8?authuser=0&hl=en&rclk=1,ESTUDIO CONTABLE-IMPOSITIVO-LABORAL CONTADOR MARTIN RAUSCH,Accountant,"J. B. Alberdi 809, Q8302 Neuquén, Río Negro",{},{},,0299 448-4357,"2XW2+QV Neuquen, Neuquén Province",2,4.000000,"{""1"":0,""2"":0,""3"":1,""4"":0,""5"":1}",-38.953060,-68.047834,3403218024038588161,,,https://search.google.com/local/reviews?placeid=ChIJB1xdJ34xCpYRAd8GCMOoOi8&q=ESTUDIO+CONTABLE-IMPOSITIVO-LABORAL+CONTADOR+MARTIN+RAUSCH&authuser=0&hl=en&gl=AR,https://streetviewpixels-pa.googleapis.com/v1/thumbnail?panoid=AYhCuNkMGceOgUpamCES2Q&cb_client=search.gws-prod.gps&w=408&h=240&yaw=164.61765&pitch=0&thumbfov=100,America/Argentina/Salta,,0x960a317e275d5c07:0x2f3aa8c30806df01,"[{""title"":""All"",""image"":""https://streetviewpixels-pa.googleapis.com/v1/thumbnail?panoid=AYhCuNkMGceOgUpamCES2Q\u0026cb_client=maps_sv.tactile.gps\u0026w=224\u0026h=298\u0026yaw=164.61765\u0026pitch=0\u0026thumbfov=100""},{""title"":""Street View \u0026 360°"",""image"":""https://streetviewpixels-pa.googleapis.com/v1/thumbnail?panoid=AYhCuNkMGceOgUpamCES2Q\u0026cb_client=maps_sv.tactile.gps\u0026w=224\u0026h=298\u0026yaw=164.61765\u0026pitch=0\u0026thumbfov=100""}]",null,null,"{""link"":"""",""source"":""""}","{""id"":"""",""name"":""ESTUDIO CONTABLE-IMPOSITIVO-LABORAL CONTADOR MARTIN RAUSCH (Owner)"",""link"":""""}","{""borough"":"""",""street"":""J. B. Alberdi 809"",""city"":""Neuquen"",""postal_code"":"""",""state"":""Río Negro Province"",""country"":""AR""}",null,[],null,
c74ce646-d072-453e-a319-bed109b926b7,https://www.google.com/maps/place/Estudio+Vergara+%26+Asociados/data=!4m7!3m6!1s0x960a3361fb82f1ab:0x6c955950b2cb1fff!8m2!3d-38.9533636!4d-68.0564314!16s%2Fg%2F11sy1m87r0!19sChIJq_GC-2EzCpYR_x_LslBZlWw?authuser=0&hl=en&rclk=1,Estudio Vergara & Asociados,Accountant,"Sta. Fe 162, Q8300 Neuquén","{""Friday"":[""8 AM–3 PM""],""Monday"":[""8 AM–3 PM""],""Saturday"":[""Closed""],""Sunday"":[""Closed""],""Thursday"":[""8 AM–3 PM""],""Tuesday"":[""8 AM–3 PM""],""Wednesday"":[""8 AM–3 PM""]}",{},https://www.instagram.com/estudio.vergara/,0299 405-8399,"2WWV+MC Neuquen, Neuquén Province",2,5.000000,"{""1"":0,""2"":0,""3"":0,""4"":0,""5"":2}",-38.953364,-68.056431,7824258130758017023,Closed ⋅ Opens 8 AM Wed,,https://search.google.com/local/reviews?placeid=ChIJq_GC-2EzCpYR_x_LslBZlWw&q=Estudio+Vergara+%26+Asociados&authuser=0&hl=en&gl=AR,https://streetviewpixels-pa.googleapis.com/v1/thumbnail?panoid=gdzKdhN2pPgHo4pMBvxwhw&cb_client=search.gws-prod.gps&w=408&h=240&yaw=257.38998&pitch=0&thumbfov=100,America/Argentina/Salta,,0x960a3361fb82f1ab:0x6c955950b2cb1fff,"[{""title"":""All"",""image"":""https://streetviewpixels-pa.googleapis.com/v1/thumbnail?panoid=gdzKdhN2pPgHo4pMBvxwhw\u0026cb_client=maps_sv.tactile.gps\u0026w=224\u0026h=298\u0026yaw=257.38998\u0026pitch=0\u0026thumbfov=100""},{""title"":""By owner"",""image"":""https://lh3.googleusercontent.com/p/AF1QipNiCmdgBMnxt7FMGRtj_uur9PsquneRjnZY2Xn7=w408-h298-k-no""},{""title"":""Street View \u0026 360°"",""image"":""https://streetviewpixels-pa.googleapis.com/v1/thumbnail?panoid=gdzKdhN2pPgHo4pMBvxwhw\u0026cb_client=maps_sv.tactile.gps\u0026w=224\u0026h=298\u0026yaw=257.38998\u0026pitch=0\u0026thumbfov=100""}]",null,null,"{""link"":"""",""source"":""""}","{""id"":""110770423832478665787"",""name"":""Estudio Vergara \u0026 Asociados (Owner)"",""link"":""https://www.google.com/maps/contrib/110770423832478665787""}","{""borough"":"""",""street"":""Sta. Fe 162"",""city"":""Neuquen"",""postal_code"":""Q8300"",""state"":""Neuquén Province"",""country"":""AR""}","[{""id"":""planning"",""name"":""Planning"",""options"":[{""name"":""Appointments recommended"",""enabled"":true}]}]",[],null,
c74ce646-d072-453e-a319-bed109b926b7,https://www.google.com/maps/place/ESTUDIO+CONTABLE+MARIANA+E+SADDI/data=!4m7!3m6!1s0x960a33d08e545da1:0x55919de15fe185bb!8m2!3d-38.9496983!4d-68.0760939!16s%2Fg%2F1tlqr59q!19sChIJoV1UjtAzCpYRu4XhX-GdkVU?authuser=0&hl=en&rclk=1,ESTUDIO CONTABLE MARIANA E SADDI,Bookkeeping service,"Stefenelli 494, Q8302 Neuquén","{""Friday"":[""8:30 AM–5 PM""],""Monday"":[""8:30 AM–5 PM""],""Saturday"":[""Closed""],""Sunday"":[""Closed""],""Thursday"":[""8:30 AM–5 PM""],""Tuesday"":[""8:30 AM–5 PM""],""Wednesday"":[""8:30 AM–5 PM""]}",{},https://cutt.ly/Nlmgccd,0299 443-4440,"3W2F+4H Neuquen, Neuquén Province",1,5.000000,"{""1"":0,""2"":0,""3"":0,""4"":0,""5"":1}",-38.949698,-68.076094,6165882956148737467,Closed ⋅ Opens 8:30 AM Wed,,https://search.google.com/local/reviews?placeid=ChIJoV1UjtAzCpYRu4XhX-GdkVU&q=ESTUDIO+CONTABLE+MARIANA+E+SADDI&authuser=0&hl=en&gl=AR,https://lh3.googleusercontent.com/p/AF1QipP3YDMSUmuelphsd4dvZV2tYZxXMS07lvD-t3VX=w426-h240-k-no,America/Argentina/Salta,,0x960a33d08e545da1:0x55919de15fe185bb,"[{""title"":""All"",""image"":""https://lh3.googleusercontent.com/p/AF1QipP3YDMSUmuelphsd4dvZV2tYZxXMS07lvD-t3VX=w529-h298-k-no""},{""title"":""By owner"",""image"":""https://lh3.googleusercontent.com/p/AF1QipMbeN_3_dlYd6ltcTNQQptinH1_t_MC7EG7KXMn=w298-h298-k-no""},{""title"":""Street View \u0026 360°"",""image"":""https://streetviewpixels-pa.googleapis.com/v1/thumbnail?panoid=XxYanePl9Ioldh1YXwaqAw\u0026cb_client=maps_sv.tactile.gps\u0026w=224\u0026h=298\u0026yaw=281.44727\u0026pitch=0\u0026thumbfov=100""}]",null,null,"{""link"":"""",""source"":""""}","{""id"":""118265975660053681752"",""name"":""ESTUDIO CONTABLE MARIANA E SADDI (Owner)"",""link"":""https://www.google.com/maps/contrib/118265975660053681752""}","{""borough"":"""",""street"":""Stefenelli 494"",""city"":""Neuquen"",""postal_code"":"""",""state"":""Neuquén Province"",""country"":""AR""}",null,[],null,
c74ce646-d072-453e-a319-bed109b926b7,https://www.google.com/maps/place/LARRONDO+TONELLI+%26+ASOCIADOS/data=!4m7!3m6!1s0x960a33d3be41c089:0x85be6aa8efb5dcd!8m2!3d-38.9546713!4d-68.0557662!16s%2Fg%2F11b70cbxv2!19sChIJicBBvtMzCpYRzV37jqrmWwg?authuser=0&hl=en&rclk=1,LARRONDO TONELLI & ASOCIADOS,Accountant,"Bv. 25 de Mayo 233, Q8302 Neuquén","{""Friday"":[""8 AM–4 PM""],""Monday"":[""8 AM–4 PM""],""Saturday"":[""Closed""],""Sunday"":[""Closed""],""Thursday"":[""8 AM–4 PM""],""Tuesday"":[""8 AM–4 PM""],""Wednesday"":[""8 AM–4 PM""]}",{},,0299 551-4400,"2WWV+4M Neuquen, Neuquén Province",2,5.000000,"{""1"":0,""2"":0,""3"":0,""4"":0,""5"":2}",-38.954671,-68.055766,602328595401760205,Closed ⋅ Opens 8 AM Wed,,https://search.google.com/local/reviews?placeid=ChIJicBBvtMzCpYRzV37jqrmWwg&q=LARRONDO+TONELLI+%26+ASOCIADOS&authuser=0&hl=en&gl=AR,https://lh3.googleusercontent.com/gps-proxy/ALd4DhFo63KcLoZprvprgOXM85JC-MgP2hzV8KydvDxJyxBfgPiSRs-F6TJcZmoyhOCV76VeJKUxZ9G4FrGBO49pN9QTTq-7YOC3KlwTaJoFIV_MK1p88eq-YLQL0AG8rc8QBvobLfLnUU41ua_mvZtBUHzwHIAKtpl4OpCSaiOjlibfPGm-aNOeBqG4jZJ89UxrIOgn1A=w427-h240-k-no,America/Argentina/Salta,,0x960a33d3be41c089:0x85be6aa8efb5dcd,"[{""title"":""All"",""image"":""https://lh3.googleusercontent.com/gps-proxy/ALd4DhFuSN5bDJYcY74Ztv48hUa90I70O2tiDBuMUahxOgSt5ilaUwjLTY2oErP2jUZ2bAXa6YoMDnst9bBTZ3SekFjIayoI5x6PcaFeRQqvhnlCM-cREYu67YLergBo0F4j75ssxggX9dMcZ2mCHn0eJJkK9zgbg6qBnTPaI6y81uPgaUV_SH2xMGrmDHzcLId7gkoB5HQ=w530-h298-k-no""},{""title"":""Street View \u0026 360°"",""image"":""https://streetviewpixels-pa.googleapis.com/v1/thumbnail?panoid=qGA6tSIbMPPGXCsE9Nuahg\u0026cb_client=maps_sv.tactile.gps\u0026w=224\u0026h=298\u0026yaw=209.86696\u0026pitch=0\u0026thumbfov=100""}]",null,null,"{""link"":"""",""source"":""""}","{""id"":""104220341267292964636"",""name"":""LARRONDO TONELLI \u0026 ASOCIADOS (Owner)"",""link"":""https://www.google.com/maps/contrib/104220341267292964636""}","{""borough"":"""",""street"":""Bv. 25 de Mayo 233"",""city"":""Neuquen"",""postal_code"":"""",""state"":""Neuquén Province"",""country"":""AR""}","[{""id"":""planning"",""name"":""Planning"",""options"":[{""name"":""Appointments recommended"",""enabled"":true}]}]",[],null,
c74ce646-d072-453e-a319-bed109b926b7,https://www.google.com/maps/place/CONTADORES+Cr.+Miguel+Angel+Ferraris/data=!4m7!3m6!1s0x960a33da767728ff:0xba6a2bc09df9645c!8m2!3d-38.9480931!4d-68.0558413!16s%2Fg%2F11b70l6jj3!19sChIJ_yh3dtozCpYRXGT5ncAraro?authuser=0&hl=en&rclk=1,CONTADORES Cr. Miguel Angel Ferraris,Accountant,"Diag. España 228, Q8300 Neuquén",{},{},,0299 448-5418,"3W2V+QM Neuquen, Neuquén Province",1,5.000000,"{""1"":0,""2"":0,""3"":0,""4"":0,""5"":1}",-38.948093,-68.055841,13432596944870007900,,,https://search.google.com/local/reviews?placeid=ChIJ_yh3dtozCpYRXGT5ncAraro&q=CONTADORES+Cr.+Miguel+Angel+Ferraris&authuser=0&hl=en&gl=AR,https://streetviewpixels-pa.googleapis.com/v1/thumbnail?panoid=J1AFbB5kD-ENGYElcn_xiQ&cb_client=search.gws-prod.gps&w=408&h=240&yaw=315.98343&pitch=0&thumbfov=100,America/Argentina/Salta,,0x960a33da767728ff:0xba6a2bc09df9645c,"[{""title"":""All"",""image"":""https://streetviewpixels-pa.googleapis.com/v1/thumbnail?panoid=J1AFbB5kD-ENGYElcn_xiQ\u0026cb_client=maps_sv.tactile.gps\u0026w=224\u0026h=298\u0026yaw=315.98343\u0026pitch=0\u0026thumbfov=100""},{""title"":""Street View \u0026 360°"",""image"":""https://streetviewpixels-pa.googleapis.com/v1/thumbnail?panoid=J1AFbB5kD-ENGYElcn_xiQ\u0026cb_client=maps_sv.tactile.gps\u0026w=224\u0026h=298\u0026yaw=315.98343\u0026pitch=0\u0026thumbfov=100""}]",null,null,"{""link"":"""",""source"":""""}","{""id"":"""",""name"":""CONTADORES Cr. Miguel Angel Ferraris (Owner)"",""link"":""""}","{""borough"":"""",""street"":""Diag. España 228"",""city"":""Neuquen"",""postal_code"":""Q8300"",""state"":""Neuquén Province"",""country"":""AR""}",null,[],null,
c74ce646-d072-453e-a319-bed109b926b7,https://www.google.com/maps/place/Estudio+Contable+Carlos+Soto/data=!4m7!3m6!1s0x960a33cdcf128549:0xe45dc1a17b384af1!8m2!3d-38.949768!4d-68.0539588!16s%2Fg%2F11bbrbwtrd!19sChIJSYUSz80zCpYR8Uo4e6HBXeQ?authuser=0&hl=en&rclk=1,Estudio Contable Carlos Soto,Tax preparation service,"Talero Eduardo 375 Piso 3 Ofic. A, Q8300 Neuquén","{""Friday"":[""9 AM–5 PM""],""Monday"":[""9 AM–5 PM""],""Saturday"":[""Closed""],""Sunday"":[""Closed""],""Thursday"":[""9 AM–5 PM""],""Tuesday"":[""9 AM–5 PM""],""Wednesday"":[""9 AM–5 PM""]}",{},http://www.estudio-soto.com.ar/,0299 448-3066,"3W2W+3C Neuquen, Neuquén Province",1,5.000000,"{""1"":0,""2"":0,""3"":0,""4"":0,""5"":1}",-38.949768,-68.053959,16455521512782842609,Closed ⋅ Opens 9 AM Wed,,https://search.google.com/local/reviews?placeid=ChIJSYUSz80zCpYR8Uo4e6HBXeQ&q=Estudio+Contable+Carlos+Soto&authuser=0&hl=en&gl=AR,https://lh3.googleusercontent.com/p/AF1QipNyWl4wXdCR6X8p-DUrpSS4Pbg1jYkn3p8Wog6a=w427-h240-k-no,America/Argentina/Salta,,0x960a33cdcf128549:0xe45dc1a17b384af1,"[{""title"":""All"",""image"":""https://lh3.googleusercontent.com/p/AF1QipNyWl4wXdCR6X8p-DUrpSS4Pbg1jYkn3p8Wog6a=w530-h298-k-no""},{""title"":""By owner"",""image"":""https://lh3.googleusercontent.com/p/AF1QipMSHn9kv7zWjmd7FolCTgJiBwxch2t4sT_nIjX-=w298-h298-k-no""},{""title"":""Street View \u0026 360°"",""image"":""https://streetviewpixels-pa.googleapis.com/v1/thumbnail?panoid=g1SdNIULQ5W1iUCiiFzjqw\u0026cb_client=maps_sv.tactile.gps\u0026w=224\u0026h=298\u0026yaw=179.43251\u0026pitch=0\u0026thumbfov=100""}]",null,null,"{""link"":"""",""source"":""""}","{""id"":""100876988875775716553"",""name"":""Estudio Contable Carlos Soto (Owner)"",""link"":""https://www.google.com/maps/contrib/100876988875775716553""}","{""borough"":"""",""street"":""Talero Eduardo 375 Piso 3 Ofic. A"",""city"":""Neuquen"",""postal_code"":""Q8300"",""state"":""Neuquén Province"",""country"":""AR""}","[{""id"":""service_options"",""name"":""Service options"",""options"":[{""name"":""Online appointments"",""enabled"":true},{""name"":""On-site services"",""enabled"":true}]},{""id"":""planning"",""name"":""Planning"",""options"":[{""name"":""Appointments recommended"",""enabled"":true}]}]",[],null,
c74ce646-d072-453e-a319-bed109b926b7,https://www.google.com/maps/place/RP+retamal+pazzarelli/data=!4m7!3m6!1s0x960a33d7221e9535:0x5b6d6f36155d607f!8m2!3d-38.9499907!4d-68.0524465!16s%2Fg%2F11b70hws58!19sChIJNZUeItczCpYRf2BdFTZvbVs?authuser=0&hl=en&rclk=1,RP retamal pazzarelli,Accountant,"Tucumán 466, Q8300LBF Neuquén",{},{},,0299 447-7529,"3W2X+22 Neuquen, Neuquén Province",2,5.000000,"{""1"":0,""2"":0,""3"":0,""4"":0,""5"":2}",-38.949991,-68.052447,6588044107990261887,,,https://search.google.com/local/reviews?placeid=ChIJNZUeItczCpYRf2BdFTZvbVs&q=RP+retamal+pazzarelli&authuser=0&hl=en&gl=AR,https://streetviewpixels-pa.googleapis.com/v1/thumbnail?panoid=KMohWXW_GXookWQDUjIBqw&cb_client=search.gws-prod.gps&w=408&h=240&yaw=272.45316&pitch=0&thumbfov=100,America/Argentina/Salta,,0x960a33d7221e9535:0x5b6d6f36155d607f,"[{""title"":""All"",""image"":""https://streetviewpixels-pa.googleapis.com/v1/thumbnail?panoid=KMohWXW_GXookWQDUjIBqw\u0026cb_client=maps_sv.tactile.gps\u0026w=224\u0026h=298\u0026yaw=272.45316\u0026pitch=0\u0026thumbfov=100""},{""title"":""Street View \u0026 360°"",""image"":""https://streetviewpixels-pa.googleapis.com/v1/thumbnail?panoid=KMohWXW_GXookWQDUjIBqw\u0026cb_client=maps_sv.tactile.gps\u0026w=224\u0026h=298\u0026yaw=272.45316\u0026pitch=0\u0026thumbfov=100""}]",null,null,"{""link"":"""",""source"":""""}","{""id"":"""",""name"":""RP retamal pazzarelli (Owner)"",""link"":""""}","{""borough"":"""",""street"":""Tucumán 466"",""city"":""Neuquen"",""postal_code"":""Q8300"",""state"":""Neuquén Province"",""country"":""AR""}",null,[],null,
c74ce646-d072-453e-a319-bed109b926b7,https://www.google.com/maps/place/Estudio+Contable+Bertero/data=!4m7!3m6!1s0x960a33cff437c6bd:0x7cea99241af0643!8m2!3d-38.9493278!4d-68.0608805!16s%2Fg%2F1tdw97w9!19sChIJvcY39M8zCpYRQwavQZKpzgc?authuser=0&hl=en&rclk=1,Estudio Contable Bertero,Bookkeeping service,"Diag. 9 de Julio 113, Q8300 Neuquén","{""Friday"":[""9 AM–5 PM""],""Monday"":[""9 AM–5 PM""],""Saturday"":[""Closed""],""Sunday"":[""Closed""],""Thursday"":[""8:30 AM–5 PM""],""Tuesday"":[""9 AM–5 PM""],""Wednesday"":[""9 AM–5 PM""]}",{},http://www.estudiobertero.com.ar/,0299 590-3689,"3W2Q+7J Neuquen, Neuquén Province",3,3.700000,"{""1"":1,""2"":0,""3"":0,""4"":0,""5"":2}",-38.949328,-68.060880,562573449100199491,Closed ⋅ Opens 9 AM Wed,,https://search.google.com/local/reviews?placeid=ChIJvcY39M8zCpYRQwavQZKpzgc&q=Estudio+Contable+Bertero&authuser=0&hl=en&gl=AR,https://streetviewpixels-pa.googleapis.com/v1/thumbnail?panoid=B81j-d8hIB-gJ1wDpamXkQ&cb_client=search.gws-prod.gps&w=408&h=240&yaw=64.669365&pitch=0&thumbfov=100,America/Argentina/Salta,,0x960a33cff437c6bd:0x7cea99241af0643,"[{""title"":""All"",""image"":""https://streetviewpixels-pa.googleapis.com/v1/thumbnail?panoid=B81j-d8hIB-gJ1wDpamXkQ\u0026cb_client=maps_sv.tactile.gps\u0026w=224\u0026h=298\u0026yaw=64.669365\u0026pitch=0\u0026thumbfov=100""},{""title"":""Street View \u0026 360°"",""image"":""https://streetviewpixels-pa.googleapis.com/v1/thumbnail?panoid=B81j-d8hIB-gJ1wDpamXkQ\u0026cb_client=maps_sv.tactile.gps\u0026w=224\u0026h=298\u0026yaw=64.669365\u0026pitch=0\u0026thumbfov=100""},{""title"":""Videos"",""image"":""https://lh3.googleusercontent.com/gps-cs-s/AC9h4np6vzdfK26m65b3kaAv3xuVPlnX91Od561emrG5BSwdpRSwR0avfngcJs_-8R2x29viQ2o91ZCjdIrtjFq8ouUBpK56x2vIkPvb2nFgXaei-LnMGEZQANNfAfxLRqm-EnFoRAwA=w529-h298-k-no""}]",null,null,"{""link"":"""",""source"":""""}","{""id"":""116015583350543365593"",""name"":""Estudio Contable Bertero (Owner)"",""link"":""https://www.google.com/maps/contrib/116015583350543365593""}","{""borough"":"""",""street"":""Diag. 9 de Julio 113"",""city"":""Neuquen"",""postal_code"":""Q8300"",""state"":""Neuquén Province"",""country"":""AR""}","[{""id"":""planning"",""name"":""Planning"",""options"":[{""name"":""Appointments recommended"",""enabled"":true}]}]",[],null,
c74ce646-d072-453e-a319-bed109b926b7,https://www.google.com/maps/place/Estudio+P%C3%BAblico+Contable+Sosa+y+Crespo/data=!4m7!3m6!1s0x960a33d196198ca5:0xd8ce22df3edeacef!8m2!3d-38.9520214!4d-68.0577942!16s%2Fg%2F11b70fm1xx!19sChIJpYwZltEzCpYR76zePt8iztg?authuser=0&hl=en&rclk=1,Estudio Público Contable Sosa y Crespo,Bookkeeping service,"Mtro. Joaquín González 91, Q8300 Neuquén","{""Friday"":[""8:30 AM–5:30 PM""],""Monday"":[""8:30 AM–5:30 PM""],""Saturday"":[""Closed""],""Sunday"":[""Closed""],""Thursday"":[""8:30 AM–5:30 PM""],""Tuesday"":[""8:30 AM–5:30 PM""],""Wednesday"":[""8:30 AM–5:30 PM""]}",{},,0299 567-7775,"2WXR+5V Neuquen, Neuquén Province",0,0.000000,"{""1"":0,""2"":0,""3"":0,""4"":0,""5"":0}",-38.952021,-68.057794,15622462499622661359,Closed ⋅ Opens 8:30 AM Wed,,,https://streetviewpixels-pa.googleapis.com/v1/thumbnail?panoid=B_xUxQUy5r5P0lvkCU8jBQ&cb_client=search.gws-prod.gps&w=408&h=240&yaw=195.69&pitch=0&thumbfov=100,America/Argentina/Salta,,0x960a33d196198ca5:0xd8ce22df3edeacef,"[{""title"":""All"",""image"":""https://streetviewpixels-pa.googleapis.com/v1/thumbnail?panoid=B_xUxQUy5r5P0lvkCU8jBQ\u0026cb_client=maps_sv.tactile.gps\u0026w=224\u0026h=298\u0026yaw=195.69\u0026pitch=0\u0026thumbfov=100""},{""title"":""Street View \u0026 360°"",""image"":""https://streetviewpixels-pa.googleapis.com/v1/thumbnail?panoid=B_xUxQUy5r5P0lvkCU8jBQ\u0026cb_client=maps_sv.tactile.gps\u0026w=224\u0026h=298\u0026yaw=195.69\u0026pitch=0\u0026thumbfov=100""}]",null,null,"{""link"":"""",""source"":""""}","{""id"":"""",""name"":""Estudio Público Contable Sosa y Crespo (Owner)"",""link"":""""}","{""borough"":"""",""street"":""Mtro. Joaquín González 91"",""city"":""Neuquen"",""postal_code"":""Q8300"",""state"":""Neuquén Province"",""country"":""AR""}",null,[],null,
c74ce646-d072-453e-a319-bed109b926b7,https://www.google.com/maps/place/CRA.+GRACIELA+D%C3%8DAZ/data=!4m7!3m6!1s0x960a33cdcf128549:0x528e81e01bf01fc3!8m2!3d-38.9549506!4d-68.0618336!16s%2Fg%2F1q62gsd1d!19sChIJSYUSz80zCpYRwx_wG-CBjlI?authuser=0&hl=en&rclk=1,CRA. GRACIELA DÍAZ,Accountant,"Edificio Parque Central, San Martín 195 Piso 7, Oficina 3, Q8300 Neuquén",{},{},,0299 447-2415,"2WWQ+27 Neuquen, Neuquén Province",4,2.000000,"{""1"":3,""2"":0,""3"":0,""4"":0,""5"":1}",-38.954951,-68.061834,5948834957344382915,,,https://search.google.com/local/reviews?placeid=ChIJSYUSz80zCpYRwx_wG-CBjlI&q=CRA.+GRACIELA+D%C3%8DAZ&authuser=0&hl=en&gl=AR,https://streetviewpixels-pa.googleapis.com/v1/thumbnail?panoid=sI4rgGIiYocIvXrJW9sL4A&cb_client=search.gws-prod.gps&w=408&h=240&yaw=354.37878&pitch=0&thumbfov=100,America/Argentina/Salta,,0x960a33cdcf128549:0x528e81e01bf01fc3,"[{""title"":""All"",""image"":""https://streetviewpixels-pa.googleapis.com/v1/thumbnail?panoid=sI4rgGIiYocIvXrJW9sL4A\u0026cb_client=maps_sv.tactile.gps\u0026w=224\u0026h=298\u0026yaw=354.37878\u0026pitch=0\u0026thumbfov=100""},{""title"":""Street View \u0026 360°"",""image"":""https://streetviewpixels-pa.googleapis.com/v1/thumbnail?panoid=sI4rgGIiYocIvXrJW9sL4A\u0026cb_client=maps_sv.tactile.gps\u0026w=224\u0026h=298\u0026yaw=354.37878\u0026pitch=0\u0026thumbfov=100""}]",null,null,"{""link"":"""",""source"":""""}","{""id"":"""",""name"":""CRA. GRACIELA DÍAZ (Owner)"",""link"":""""}","{""borough"":"""",""street"":""Edificio Parque Central, San Martín 195 Piso 7, Oficina 3"",""city"":""Neuquen"",""postal_code"":""Q8300"",""state"":""Neuquén Province"",""country"":""AR""}",null,[],null,
c74ce646-d072-453e-a319-bed109b926b7,https://www.google.com/maps/place/Estudio+Contable+Rizzo+-+Diaz+%26+Asoc./data=!4m7!3m6!1s0x960a33a8584858ff:0xb3f6d6722366bfe3!8m2!3d-38.9528063!4d-68.0612694!16s%2Fg%2F11b66bspxd!19sChIJ_1hIWKgzCpYR479mI3LW9rM?authuser=0&hl=en&rclk=1,Estudio Contable Rizzo - Diaz & Asoc.,Tax preparation service,"Carlos H. Rodríguez 139, Q8300LZQ Neuquén","{""Friday"":[""9 AM–5 PM""],""Monday"":[""9 AM–5 PM""],""Saturday"":[""Closed""],""Sunday"":[""Closed""],""Thursday"":[""9 AM–5 PM""],""Tuesday"":[""9 AM–5 PM""],""Wednesday"":[""9 AM–5 PM""]}",{},https://www.facebook.com/estudiorizzodiaz,0299 462-2844,"2WWQ+VF Neuquen, Neuquén Province",0,0.000000,"{""1"":0,""2"":0,""3"":0,""4"":0,""5"":0}",-38.952806,-68.061269,12967787962768474083,Closed ⋅ Opens 9 AM Wed,,,https://streetviewpixels-pa.googleapis.com/v1/thumbnail?panoid=R2ZgPel-XwoyL7Nzj5UiwQ&cb_client=search.gws-prod.gps&w=408&h=240&yaw=334.4852&pitch=0&thumbfov=100,America/Argentina/Salta,,0x960a33a8584858ff:0xb3f6d6722366bfe3,"[{""title"":""All"",""image"":""https://streetviewpixels-pa.googleapis.com/v1/thumbnail?panoid=R2ZgPel-XwoyL7Nzj5UiwQ\u0026cb_client=maps_sv.tactile.gps\u0026w=224\u0026h=298\u0026yaw=334.4852\u0026pitch=0\u0026thumbfov=100""},{""title"":""By owner"",""image"":""https://lh3.googleusercontent.com/p/AF1QipO_OgxJ1jEW0vFj9dvlc83FvNQS1bloR_ZC6_wG=w298-h298-k-no""},{""title"":""Street View \u0026 360°"",""image"":""https://streetviewpixels-pa.googleapis.com/v1/thumbnail?panoid=R2ZgPel-XwoyL7Nzj5UiwQ\u0026cb_client=maps_sv.tactile.gps\u0026w=224\u0026h=298\u0026yaw=334.4852\u0026pitch=0\u0026thumbfov=100""}]",null,null,"{""link"":"""",""source"":""""}","{""id"":""114808705914882167550"",""name"":""Estudio Contable Rizzo - Diaz \u0026 Asoc. (Owner)"",""link"":""https://www.google.com/maps/contrib/114808705914882167550""}","{""borough"":"""",""street"":""Carlos H. Rodríguez 139"",""city"":""Neuquen"",""postal_code"":""Q8300"",""state"":""Neuquén Province"",""country"":""AR""}","[{""id"":""planning"",""name"":""Planning"",""options"":[{""name"":""Appointment required"",""enabled"":true}]}]",[],null,
c74ce646-d072-453e-a319-bed109b926b7,https://www.google.com/maps/place/ESTUDIO+%7C+RS+CONTADORES+NEUQUEN/data=!4m7!3m6!1s0x960a337beac1b43f:0xa53487dd1e5b6787!8m2!3d-38.9438254!4d-68.0394598!16s%2Fg%2F11jwct_kw1!19sChIJP7TB6nszCpYRh2dbHt2HNKU?authuser=0&hl=en&rclk=1,ESTUDIO | RS CONTADORES NEUQUEN,Accounting firm,"La Fraternidad 1050, Q8300OGA Neuquén",{},{},http://www.rscontadoresneuquen.com/,0299 413-0504,"3X46+F6 Neuquen, Neuquén Province",0,0.000000,"{""1"":0,""2"":0,""3"":0,""4"":0,""5"":0}",-38.943825,-68.039460,11904289098813892487,,,,https://streetviewpixels-pa.googleapis.com/v1/thumbnail?panoid=ve9xfXaRU2GqDSbdliNHng&cb_client=search.gws-prod.gps&w=408&h=240&yaw=290.52475&pitch=0&thumbfov=100,America/Argentina/Salta,,0x960a337beac1b43f:0xa53487dd1e5b6787,"[{""title"":""All"",""image"":""https://streetviewpixels-pa.googleapis.com/v1/thumbnail?panoid=ve9xfXaRU2GqDSbdliNHng\u0026cb_client=maps_sv.tactile.gps\u0026w=224\u0026h=298\u0026yaw=290.52475\u0026pitch=0\u0026thumbfov=100""},{""title"":""By owner"",""image"":""https://lh3.googleusercontent.com/p/AF1QipMWbakNqjKywkGUHN9h6TIjEsryCR5x9-DkRG7w=w446-h298-k-no""},{""title"":""Street View \u0026 360°"",""image"":""https://streetviewpixels-pa.googleapis.com/v1/thumbnail?panoid=ve9xfXaRU2GqDSbdliNHng\u0026cb_client=maps_sv.tactile.gps\u0026w=224\u0026h=298\u0026yaw=290.52475\u0026pitch=0\u0026thumbfov=100""}]",null,null,"{""link"":"""",""source"":""""}","{""id"":""108183562282219539394"",""name"":""ESTUDIO | RS CONTADORES NEUQUEN (Owner)"",""link"":""https://www.google.com/maps/contrib/108183562282219539394""}","{""borough"":"""",""street"":""La Fraternidad 1050"",""city"":""Neuquen"",""postal_code"":""Q8300"",""state"":""Neuquén Province"",""country"":""AR""}",null,[],null,
c74ce646-d072-453e-a319-bed109b926b7,https://www.google.com/maps/place/Bacci+Contadores+Publicos/data=!4m7!3m6!1s0x960a33d8afe50691:0x8e3d08751d9f22bf!8m2!3d-38.9427882!4d-68.0549004!16s%2Fg%2F1hg50ynm1!19sChIJkQblr9gzCpYRvyKfHXUIPY4?authuser=0&hl=en&rclk=1,Bacci Contadores Publicos,Accounting firm,"Caviahue 302, Q8300 Neuquén","{""Friday"":[""9 AM–5 PM""],""Monday"":[""9 AM–5 PM""],""Saturday"":[""Closed""],""Sunday"":[""Closed""],""Thursday"":[""9 AM–5 PM""],""Tuesday"":[""9 AM–5 PM""],""Wednesday"":[""9 AM–5 PM""]}",{},http://www.estudiobacci.com/,0299 423-2001,"3W4W+V2 Neuquen, Neuquén Province",0,0.000000,"{""1"":0,""2"":0,""3"":0,""4"":0,""5"":0}",-38.942788,-68.054900,10249357626066281151,Closed ⋅ Opens 9 AM Wed,,,https://lh3.googleusercontent.com/p/AF1QipNgah6Pa5juY_R8QVIaGYhfhSlXxe5zw4rPbUyv=w408-h306-k-no,America/Argentina/Salta,,0x960a33d8afe50691:0x8e3d08751d9f22bf,"[{""title"":""All"",""image"":""https://lh3.googleusercontent.com/p/AF1QipNgah6Pa5juY_R8QVIaGYhfhSlXxe5zw4rPbUyv=w397-h298-k-no""},{""title"":""By owner"",""image"":""https://lh3.googleusercontent.com/p/AF1QipNgah6Pa5juY_R8QVIaGYhfhSlXxe5zw4rPbUyv=w397-h298-k-no""},{""title"":""Street View \u0026 360°"",""image"":""https://streetviewpixels-pa.googleapis.com/v1/thumbnail?panoid=HztwZeN4hUco12SUBzGrTA\u0026cb_client=maps_sv.tactile.gps\u0026w=224\u0026h=298\u0026yaw=31.09271\u0026pitch=0\u0026thumbfov=100""}]",null,null,"{""link"":"""",""source"":""""}","{""id"":""104332427660232056840"",""name"":""Bacci Contadores Publicos (Owner)"",""link"":""https://www.google.com/maps/contrib/104332427660232056840""}","{""borough"":"""",""street"":""Caviahue 302"",""city"":""Neuquen"",""postal_code"":""Q8300"",""state"":""Neuquén Province"",""country"":""AR""}",null,[],null,
c74ce646-d072-453e-a319-bed109b926b7,https://www.google.com/maps/place/Estudio+Contable+Cristian+Sanchez/data=!4m7!3m6!1s0x960a3b273391480f:0xa9b8c6fcd017336f!8m2!3d-38.9556754!4d-68.0420002!16s%2Fg%2F11q9k4sty6!19sChIJD0iRMyc7CpYRbzMX0PzGuKk?authuser=0&hl=en&rclk=1,Estudio Contable Cristian Sanchez,Accounting firm,"Primeros Pobladores 1215, Q8300 Neuquén","{""Friday"":[""9 AM–5 PM""],""Monday"":[""9 AM–5 PM""],""Saturday"":[""Closed""],""Sunday"":[""Closed""],""Thursday"":[""9 AM–5 PM""],""Tuesday"":[""9 AM–5 PM""],""Wednesday"":[""9 AM–5 PM""]}",{},https://www.instagram.com/cristiansanchezec/profilecard/?igsh=ajVyaTF6ajk1cnRu,0299 630-7202,"2XV5+P5 Neuquen, Neuquén Province",0,0.000000,"{""1"":0,""2"":0,""3"":0,""4"":0,""5"":0}",-38.955675,-68.042000,12229743577249821551,Closed ⋅ Opens 9 AM Wed,,,https://streetviewpixels-pa.googleapis.com/v1/thumbnail?panoid=dzMQ9yGzCPmDVS3Suiupzw&cb_client=search.gws-prod.gps&w=408&h=240&yaw=159.50824&pitch=0&thumbfov=100,America/Argentina/Salta,,0x960a3b273391480f:0xa9b8c6fcd017336f,"[{""title"":""All"",""image"":""https://streetviewpixels-pa.googleapis.com/v1/thumbnail?panoid=dzMQ9yGzCPmDVS3Suiupzw\u0026cb_client=maps_sv.tactile.gps\u0026w=224\u0026h=298\u0026yaw=159.50824\u0026pitch=0\u0026thumbfov=100""},{""title"":""Street View \u0026 360°"",""image"":""https://streetviewpixels-pa.googleapis.com/v1/thumbnail?panoid=dzMQ9yGzCPmDVS3Suiupzw\u0026cb_client=maps_sv.tactile.gps\u0026w=224\u0026h=298\u0026yaw=159.50824\u0026pitch=0\u0026thumbfov=100""}]",null,null,"{""link"":"""",""source"":""""}","{""id"":""117301559051183270426"",""name"":""Estudio Contable Cristian Sanchez (Owner)"",""link"":""https://www.google.com/maps/contrib/117301559051183270426""}","{""borough"":"""",""street"":""Primeros Pobladores 1215"",""city"":""Neuquen"",""postal_code"":""Q8300"",""state"":""Neuquén Province"",""country"":""AR""}","[{""id"":""accessibility"",""name"":""Accessibility"",""options"":[{""name"":""Wheelchair-accessible entrance"",""enabled"":true},{""name"":""Wheelchair-accessible seating"",""enabled"":true},{""name"":""Assistive hearing loop"",""enabled"":false},{""name"":""Wheelchair-accessible toilet"",""enabled"":false}]},{""id"":""amenities"",""name"":""Amenities"",""options"":[{""name"":""Gender-neutral toilets"",""enabled"":true}]},{""id"":""crowd"",""name"":""Crowd"",""options"":[{""name"":""LGBTQ+ friendly"",""enabled"":true},{""name"":""Transgender safe space"",""enabled"":true}]}]",[],null,
c74ce646-d072-453e-a319-bed109b926b7,https://www.google.com/maps/place/Cazorla+-Estudio+Contable-/data=!4m7!3m6!1s0x960a33b0b6015aed:0xfccc16ebee2377fe!8m2!3d-38.9537403!4d-68.0779537!16s%2Fg%2F11c1l1_f_s!19sChIJ7VoBtrAzCpYR_ncj7usWzPw?authuser=0&hl=en&rclk=1,Cazorla -Estudio Contable-,Accountant,"Juan B. Justo 1343, Q8300 Neuquén","{""Friday"":[""9 AM–2 PM""],""Monday"":[""9 AM–2 PM""],""Saturday"":[""Closed""],""Sunday"":[""Closed""],""Thursday"":[""9 AM–2 PM""],""Tuesday"":[""9 AM–2 PM""],""Wednesday"":[""9 AM–2 PM""]}",{},http://www.cazorlagalvagno.com.ar/,0299 442-5127,"2WWC+GR Neuquen, Neuquén Province",0,0.000000,"{""1"":0,""2"":0,""3"":0,""4"":0,""5"":0}",-38.953740,-68.077954,18215959795375241214,Closed ⋅ Opens 9 AM Wed,,,https://streetviewpixels-pa.googleapis.com/v1/thumbnail?panoid=2xoD57Gtu_fYDMAtSiq2cQ&cb_client=search.gws-prod.gps&w=408&h=240&yaw=2.1797328&pitch=0&thumbfov=100,America/Argentina/Salta,,0x960a33b0b6015aed:0xfccc16ebee2377fe,"[{""title"":""All"",""image"":""https://streetviewpixels-pa.googleapis.com/v1/thumbnail?panoid=2xoD57Gtu_fYDMAtSiq2cQ\u0026cb_client=maps_sv.tactile.gps\u0026w=224\u0026h=298\u0026yaw=2.1797328\u0026pitch=0\u0026thumbfov=100""},{""title"":""By owner"",""image"":""https://lh3.googleusercontent.com/p/AF1QipMSj8T6tj3s-ZFugieSx9Yrl0vnZj5KkctJbt1U=w421-h298-k-no""},{""title"":""Videos"",""image"":""https://lh3.googleusercontent.com/gps-cs-s/AC9h4npP1f-k_laUXziZXKtce5EyqrwCClHAJ0p2BIRT_YoS4t52u5XLnEFwxeqo8tMzySRLqu3N5xrSD2fuU9o4taNf_9Oc_cDKHcKkcIC0AvupwoRVvTQ954esXhRpQONxyEyigdC5=w536-h298-k-no""},{""title"":""Street View \u0026 360°"",""image"":""https://streetviewpixels-pa.googleapis.com/v1/thumbnail?panoid=2xoD57Gtu_fYDMAtSiq2cQ\u0026cb_client=maps_sv.tactile.gps\u0026w=224\u0026h=298\u0026yaw=2.1797328\u0026pitch=0\u0026thumbfov=100""}]",null,null,"{""link"":"""",""source"":""""}","{""id"":""100153887207514832480"",""name"":""Cazorla -Estudio Contable- (Owner)"",""link"":""https://www.google.com/maps/contrib/100153887207514832480""}","{""borough"":"""",""street"":""Juan B. Justo 1343"",""city"":""Neuquen"",""postal_code"":""Q8300"",""state"":""Neuquén Province"",""country"":""AR""}",null,[],null,
